Workbook
Name DA_x1data: INDIRECT("'" &"Double Analysis" &"'" &"!" & ADDRESS(Guts!$D$38,1)):INDIRECT("'" &"Double Analysis" &"'" &"!" & ADDRESS(Guts!$D$35,1))
Name DA_x2data: INDIRECT("'" &"Double Analysis" &"'" &"!" & ADDRESS(Guts!$D$44,4)):INDIRECT("'" &"Double Analysis" &"'" &"!" & ADDRESS(Guts!$D$41,4))
Name DA_y1data: INDIRECT("'" &"Double Analysis" &"'" &"!" & ADDRESS(Guts!$D$38,2)):INDIRECT("'" &"Double Analysis" &"'" &"!" & ADDRESS(Guts!$D$35,2))
Name DA_y2data: INDIRECT("'" &"Double Analysis" &"'" &"!" & ADDRESS(Guts!$D$44,5)):INDIRECT("'" &"Double Analysis" &"'" &"!" & ADDRESS(Guts!$D$41,5))
Name mf_xData: INDIRECT("'" &"Manual Fitting" &"'" &"!" & ADDRESS(Guts!$D$68,1)):INDIRECT("'" &"Manual Fitting" &"'" &"!" & ADDRESS(Guts!$D$65,1))
Name mf_yData: INDIRECT("'" &"Manual Fitting" &"'" &"!" & ADDRESS(Guts!$D$68,2)):INDIRECT("'" &"Manual Fitting" &"'" &"!" & ADDRESS(Guts!$D$65,2))
Name solver_adj: Guts!$AI$15:$AI$17
Name solver_cvg: 0.0001
Name solver_drv: 1
Name solver_eng: 1
Name solver_eng: 1
Name solver_itr: 2147483647
Name solver_lin: 2
Name solver_lin: 2
Name solver_mip: 2147483647
Name solver_mni: 30
Name solver_mrt: 0.075
Name solver_msl: 2
Name solver_neg: 1
Name solver_neg: 1
Name solver_nod: 2147483647
Name solver_num: 0
Name solver_num: 0
Name solver_opt: Analysis!$A$7
Name solver_opt: Guts!$AQ$104
Name solver_pre: 0.000001
Name solver_rbv: 1
Name solver_rlx: 2
Name solver_rsd: 0
Name solver_scl: 1
Name solver_sho: 2
Name solver_ssz: 100
Name solver_tim: 2147483647
Name solver_tol: 0.01
Name solver_typ: 1
Name solver_typ: 2
Name solver_val: 0
Name solver_val: 0
Name solver_ver: 2
Name solver_ver: 2
Name x1Data: INDIRECT("'"&"Analysis"&"'"&"!"&ADDRESS(Guts!$D$7,1)):INDIRECT("'"&"Analysis"&"'"&"!"&ADDRESS(Guts!$D$4,1))
Name xtograph: Guts!$N$2:INDIRECT("'"&"Guts"&"'"&"!"&ADDRESS(Guts!$A$60,14))
Name y1Data: INDIRECT("'"&"Analysis"&"'"&"!"&ADDRESS(Guts!$D$7,2)):INDIRECT("'"&"Analysis"&"'"&"!"&ADDRESS(Guts!$D$4,2))
Name ytograph: Guts!$O$2:INDIRECT("'"&"Guts"&"'"&"!"&ADDRESS(Guts!$A$60,15))

Sheet Analysis
A1: Applied Force (lbs) | B1: Strain gauge Differential Voltage (mV)
A2: 0 | B2: 0
A3: 1000 | B3: 4.18
A4: 2000 | B4: 7.74
A5: 3000 | B5: 11.36
A6: 4000 | B6: 15.08
A7: 5000 | B7: 18.72
A8: 6000 | B8: 22.36
A9: 7000 | B9: 26.12
A10: 8000 | B10: 30.01
A11: 7000 | B11: 27.13
A12: 6000 | B12: 23.12
A13: 5000 | B13: 20.06
... A18: 0 | B18: 0.7
A22: Applied Force (lbs) | B22: Differential amplified Voltage (V)
A23: 0 | B23: 1.42
A24: 1000 | B24: 1.52
A25: 2000 | B25: 1.68
A26: 3000 | B26: 1.84
A27: 4000 | B27: 2
A28: 5000 | B28: 2.16
A29: 6000 | B29: 2.32
A30: 7000 | B30: 2.49
A31: 8000 | B31: 2.63
A32: 8000 | B32: 2.64
A33: 7000 | B33: 2.56
A34: 6000 | B34: 2.35
... A40: 0 | B40: 1.42

Sheet Double Analysis
A1: Name: | I1: =TODAY() -> 46043
A2: First Dataset | D2: Second Dataset
A3: X Values | B3: Y Values | D3: =A3 -> X Values | E3: =B3 -> Y Values | J3: Fit Equation:
J4: {=IF(Guts!D32=4, INDEX(Guts!E23:E27,G13+1), INDEX({"y=A+Bx","y=A+Bx+Cx²","y=A+Bx+Cx²+Dx³"," ","y=Axᴮ","y=Aeᴮˣ","No Fitting"},Guts!D32))} -> y=A+Bx+Cx²
H6: First Dataset Fit
I7: Value | J7: Uncertainty | K7: CD: | L7: =IFERROR(Guts!B50, "No fit") -> 0
H8: =IF(Guts!$D$32=4,MID("ABCDE",$G$13+1,1),IF(Guts!$D$32=7," ","A")) -> A | I8: =IF(OR(Guts!D32=5,Guts!D32=6),IFERROR(EXP(Guts!$C$48), "Error: Check for negative values"),IFERROR(IF(Guts!D32=1,Guts!$C$48,IF(Guts!D32=4,Guts!$B$48,IF(Guts!D32=2,Guts!$D$48,IF(Guts!D32=3,Guts!$E$48," ")))),"")) -> 0 | J8: =IF(OR(Guts!D32=5, Guts!D32=6),IFERROR(I8*Guts!$C$49,""),IFERROR(IF(Guts!D32=1,Guts!$C$49,IF(Guts!D32=4,Guts!$B$49,IF(Guts!D32=2,Guts!$D$49,IF(Guts!D32=3,Guts!$E$49," ")))),"")) -> 0
H9: =IF(Guts!$D$32=4," ",IF(Guts!$D$32=7," ","B")) -> B | I9: =IF(OR(Guts!D32=5, Guts!D32=6),IFERROR(Guts!$B$48,"Error, check for negative values"),IFERROR(IF(Guts!D32=1,Guts!$B$48,IF(Guts!D32=2,Guts!$C$48,IF(Guts!D32=3,Guts!$D$48," ")))," ")) -> 0 | J9: =IF(OR(Guts!D32=5, Guts!D32=6),IFERROR(Guts!$B$49," "),IFERROR(IF(Guts!D32=1,Guts!$B$49,IF(Guts!D32=2,Guts!$C$49,IF(Guts!D32=3,Guts!$D$49," ")))," ")) -> 0
H10: =IF(OR(Guts!$D$32=2,Guts!$D$32=3),"C"," ") -> C | I10: =IFERROR(IF(Guts!$D$32=2,Guts!$B$48,IF(Guts!$D$32=3,Guts!$C$48," "))," ") | J10: =IFERROR(IF(Guts!$D$32=2,Guts!$B$49,IF(Guts!$D$32=3,Guts!$C$49," "))," ") -> 0
H11: =IF(Guts!$D$32=3,"D"," ") | I11: =IFERROR(IF(Guts!$D$32=3,Guts!$B$48," ")," ") | J11: =IFERROR(IF(Guts!$D$32=3,Guts!$B$49," ")," ")
F12: Power for fixed power fit:
G13: 1 | H13: Second Dataset Fit
I14: Value | J14: Uncertainty | K14: CD: | L14: =IFERROR(Guts!B56, "No fit") -> 0
H15: =H8 -> A | I15: =IF(OR(Guts!D32=5,Guts!D32=6),IFERROR(EXP(Guts!$C$54), "Error: Check for negative values"),IFERROR(IF(Guts!D32=1,Guts!$C$54,IF(Guts!D32=4,Guts!$B$54,IF(Guts!D32=2,Guts!$D$54,IF(Guts!D32=3,Guts!$E$54," ")))),"")) -> 0 | J15: =IF(OR(Guts!D32=5, Guts!D32=6),IFERROR(I15*Guts!$C$55,""),IFERROR(IF(Guts!D32=1,Guts!$C$55,IF(Guts!D32=4,Guts!$B$55,IF(Guts!D32=2,Guts!$D$55,IF(Guts!D32=3,Guts!$E$55," ")))),"")) -> 0
H16: =H9 -> B | I16: =IF(OR(Guts!D32=5, Guts!D32=6),IFERROR(Guts!$B$54,"Error, check for negative values"),IFERROR(IF(Guts!D32=1,Guts!$B$54,IF(Guts!D32=2,Guts!$C$54,IF(Guts!D32=3,Guts!$D$54," ")))," ")) -> 0 | J16: =IF(OR(Guts!D32=5, Guts!D32=6),IFERROR(Guts!$B$55," "),IFERROR(IF(Guts!D32=1,Guts!$B$55,IF(Guts!D32=2,Guts!$C$55,IF(Guts!D32=3,Guts!$D$55," ")))," ")) -> 0
H17: =H10 -> C | I17: =IFERROR(IF(Guts!$D$32=2,Guts!$B$54,IF(Guts!$D$32=3,Guts!$C$54," "))," ") | J17: =IFERROR(IF(Guts!$D$32=2,Guts!$B$55,IF(Guts!$D$32=3,Guts!$C$55," "))," ") -> 0
H18: =H11 | I18: =IFERROR(IF(Guts!$D$32=3,Guts!$B$54," ")," ") | J18: =IFERROR(IF(Guts!$D$32=3,Guts!$B$55," ")," ")

Sheet Comparison
A1: Name: | E1: =TODAY() -> 46043
A3: № | B3: Source | C3: Value (unit) | D3: Uncertainty
A4: 1
A5: 2
A6: 3
A7: 4
A8: 5
A9: 6

Sheet Manual Fitting
A1: Name: | I1: =TODAY() -> 46043
A2: X Values | B2: Y Values
C23: Fit Type | G23: Fit Function
G24: {=INDEX(Guts!AI5:AI8,Guts!AI1)} -> y=A+Bx
G27: Parameter | H27: Manual Estimate | J27: CD: | K27: =IF(Guts!AP104=0," ",IF((Guts!AQ104)/(Guts!AR104)<1,1-(Guts!AQ104)/(Guts!AR104),"below 0%"))
G28: A | H28: 0
G29: B | H29: 0.04
G30: =IF(Guts!$AI$1<>1,"C","")
G31: =IF(Guts!$AI$1=4,"D","")

Sheet Guts
A1: Fit type | D1: 8 | G1: x-values | H1: fit y-values | J1: DA x-values | K1: fit 1 y-values | L1: fit 2 y-values | N1: x-data | O1: y-data | P1: freeform y | Q1: w/ duplicates | R1: de-duplicated | T1: DAx1data | U1: DAy1data | V1: DAx2data | W1: DAy2data | Y1: DAx1 | Z1: DAx1 order | AA1: DAy1 match | AB1: Frform DAy1 | AC1: DAx2 | AD1: DAx2 order | AE1: DAy2 match | AF1: Frform DAy2 | AH1: Fit type | AI1: 1 | AK1: m.f. x-plot | AL1: m.f. fit y | AN1: m.f. xData | AO1: m.f. yData | AP1: m.f. y fit | AQ1: m.f. sq res | AR1: (y_i-y_av)^2
A2: Last row with x data | D2: {=LOOKUP(2,1/ISNUMBER(Analysis!A:A),ROW(Analysis!A:A))} -> 40 | F2: 0 | G2: =MIN(x1Data)+(MAX(x1Data)-MIN(x1Data))*(F2/100) -> 0 | H2: =IF($D$1=1,$C$11+$B$11*G2, IF($D$1=2,$B$11*G2^#REF!,IF($D$1=3,$D$11+$C$11*G2+$B$11*(G2)^2,IF($D$1=4,$E$11+$D$11*G2+$C$11*(G2)^2+$B$11*(G2)^3,IF($D$1=5,EXP($C$11)*G2^($B$11),IF($D$1=6,EXP($C$11+G2*$B$11), NA())))))) -> #N/A | J2: =IFERROR(MIN(DA_x1data,DA_x2data)+(MAX(DA_x1data,DA_x2data)-MIN(DA_x1data,DA_x2data))*(F2/100), MIN(DA_x1data)+(MAX(DA_x1data)-MIN(DA_x1data))*(F2/100)) -> #N/A | K2: =IF($D$32=1,$B$48*J2+$C$48,IF($D$32=2,$B$48*J2^2+$C$48*J2+$D$48,IF($D$32=3,$B$48*J2^3+$C$48*J2^2+$D$48*J2+$E$48,IF($D$32=4,$B$48*J2^'Double Analysis'!$G$13,IF($D$32=5,EXP($C$48)*J2^$B$48,IF($D$32=6,EXP($C$48+J2*$B$48),NA())))))) -> #N/A | L2: =IF($D$32=1,$B$54*J2+$C$54,IF($D$32=2,$B$54*J2^2+$C$54*J2+$D$54,IF($D$32=3,$B$54*J2^3+$C$54*J2^2+$D$54*J2+$E$54,IF($D$32=4,$B$54*J2^'Double Analysis'!$G$13,IF($D$32=5,EXP($C$54)*J2^$B$54,IF($D$32=6,EXP($C$54+J2*$B$54),NA())))))) -> #N/A | N2: =IFERROR(SMALL($R$2:$R$102, ROW()-1),NA()) -> 0 | O2: =IF(ISNUMBER(N2),INDEX(y1Data,MATCH(N2,$R$2:$R$102,0)),NA()) -> 0.7 | P2: =IF($D$1=7,O2,NA()) -> #N/A | Q2: {=IF(ISNUMBER(INDEX(x1Data,ROW()-1)),x1Data,"")} -> 0 | R2: =IF(Q2<>"",Q2+(0.0000000000001)*(COUNTIF($Q2:Q$102,Q2)-1),"") -> 1e-13 | T2: {=DA_x1data} -> #N/A | U2: {=DA_y1data} -> #N/A | V2: {=DA_x2data} -> #N/A | W2: {=DA_y2data} -> #N/A | Y2: =IF(ISNUMBER(T2),T2," ") | Z2: =IFERROR(SMALL($Y$2:$Y$102,ROW()-1),NA()) -> #N/A | AA2: {=IF(ISNUMBER(Z2),INDEX(DA_y1data,MATCH(Z2,$Y$2:$Y$102,0)),NA())} -> #N/A | AB2: =IF($D$32=7,AA2,NA()) -> #N/A | AC2: =IF(ISNUMBER(V2),V2," ") | AD2: =IFERROR(SMALL($AC$2:$AC$102,ROW()-1),NA()) -> #N/A | AE2: {=IF(ISNUMBER(AD2),INDEX(DA_y2data,MATCH(AD2,$AC$2:$AC$102,0)),NA())} -> #N/A | AF2: =IF($D$32=7,AE2,NA()) -> #N/A | AH2: Optimize? | AI2: 1 | AK2: =MIN('Manual Fitting'!$A$3:$A$32)+(MAX('Manual Fitting'!$A$3:$A$32)-MIN('Manual Fitting'!$A$3:$A$17))*(Guts!F2/100) -> 0 | AL2: =IF($AI$1=1,IF(AND(ISNUMBER($AH$15),ISNUMBER($AH$16)),$AH$15+AK2*$AH$16,NA()),IF($AI$1=2,IF(AND(ISNUMBER($AH$15),ISNUMBER($AH$16),ISNUMBER($AH$17)),$AH$15/(1+((AK2-$AH$16)/$AH$17)^2),NA()),IF($AI$1=3,IF(AND(ISNUMBER($AH$15),ISNUMBER($AH$16),ISNUMBER($AH$17)),$AH$15*EXP((-1)*((AK2-$AH$16)/$AH$17)^2),NA()), IF($AI$1=4,IF(AND(ISNUMBER($AH$15),ISNUMBER($AH$16),ISNUMBER($AH$17),ISNUMBER($AH$18)),$AH$15*SIN((AK2*$AH$16)-$AH$17)+$AH$18,NA()),NA())))) -> 0 | AN2: {=mf_xData} -> #N/A | AO2: {=mf_yData} -> #N/A | AP2: =IF($AI$1=1,IF(AND(ISNUMBER($AH$15),ISNUMBER($AH$16)),$AH$15+AN2*$AH$16,NA()),IF($AI$1=2,IF(AND(ISNUMBER($AH$15),ISNUMBER($AH$16),ISNUMBER($AH$17)),$AH$15/(1+((AN2-$AH$16)/$AH$17)^2),NA()), IF($AI$1=3,IF(AND(ISNUMBER($AH$15),ISNUMBER($AH$16),ISNUMBER($AH$17)),$AH$15*EXP(-(((AN2-$AH$16)/$AH$17)^2)),NA()),IF($AI$1=4,IF(AND(ISNUMBER($AH$15),ISNUMBER($AH$16),ISNUMBER($AH$17),ISNUMBER($AH$18)),$AH$15*SIN($AH$16*AN2-$AH$17)+$AH$18,NA()),NA())))) -> #N/A | AQ2: =(AP2-AO2)^2 -> #N/A | AR2: =(AO2-$AO$104)^2 -> #N/A
A3: Last row with y data | D3: {=LOOKUP(2,1/ISNUMBER(Analysis!B:B),ROW(Analysis!B:B))} -> 40 | F3: 1 | G3: =MIN(x1Data)+(MAX(x1Data)-MIN(x1Data))*(F3/100) -> 80 | H3: =IF($D$1=1,$C$11+$B$11*G3, IF($D$1=2,$B$11*G3^#REF!,IF($D$1=3,$D$11+$C$11*G3+$B$11*(G3)^2,IF($D$1=4,$E$11+$D$11*G3+$C$11*(G3)^2+$B$11*(G3)^3,IF($D$1=5,EXP($C$11)*G3^($B$11),IF($D$1=6,EXP($C$11+G3*$B$11), NA())))))) -> #N/A | J3: =IFERROR(MIN(DA_x1data,DA_x2data)+(MAX(DA_x1data,DA_x2data)-MIN(DA_x1data,DA_x2data))*(F3/100), MIN(DA_x1data)+(MAX(DA_x1data)-MIN(DA_x1data))*(F3/100)) -> #N/A | K3: =IF($D$32=1,$B$48*J3+$C$48,IF($D$32=2,$B$48*J3^2+$C$48*J3+$D$48,IF($D$32=3,$B$48*J3^3+$C$48*J3^2+$D$48*J3+$E$48,IF($D$32=4,$B$48*J3^'Double Analysis'!$G$13,IF($D$32=5,EXP($C$48)*J3^$B$48,IF($D$32=6,EXP($C$48+J3*$B$48),NA())))))) -> #N/A | L3: =IF($D$32=1,$B$54*J3+$C$54,IF($D$32=2,$B$54*J3^2+$C$54*J3+$D$54,IF($D$32=3,$B$54*J3^3+$C$54*J3^2+$D$54*J3+$E$54,IF($D$32=4,$B$54*J3^'Double Analysis'!$G$13,IF($D$32=5,EXP($C$54)*J3^$B$54,IF($D$32=6,EXP($C$54+J3*$B$54),NA())))))) -> #N/A | N3: =IFERROR(SMALL($R$2:$R$102, ROW()-1),NA()) -> 1e-13 | O3: =IF(ISNUMBER(N3),INDEX(y1Data,MATCH(N3,$R$2:$R$102,0)),NA()) -> 0 | P3: =IF($D$1=7,O3,NA()) -> #N/A | Q3: 1000 | R3: =IF(Q3<>"",Q3+(0.0000000000001)*(COUNTIF($Q3:Q$102,Q3)-1),"") -> 1000 | Y3: =IF(ISNUMBER(T3),T3," ") | Z3: =IFERROR(SMALL($Y$2:$Y$102,ROW()-1),NA()) -> #N/A | AA3: {=IF(ISNUMBER(Z3),INDEX(DA_y1data,MATCH(Z3,$Y$2:$Y$102,0)),NA())} -> #N/A | AB3: =IF($D$32=7,AA3,NA()) -> #N/A | AC3: =IF(ISNUMBER(V3),V3," ") | AD3: =IFERROR(SMALL($AC$2:$AC$102,ROW()-1),NA()) -> #N/A | AE3: {=IF(ISNUMBER(AD3),INDEX(DA_y2data,MATCH(AD3,$AC$2:$AC$102,0)),NA())} -> #N/A | AF3: =IF($D$32=7,AE3,NA()) -> #N/A | AK3: =MIN('Manual Fitting'!$A$3:$A$32)+(MAX('Manual Fitting'!$A$3:$A$32)-MIN('Manual Fitting'!$A$3:$A$17))*(Guts!F3/100) -> 0 | AL3: =IF($AI$1=1,IF(AND(ISNUMBER($AH$15),ISNUMBER($AH$16)),$AH$15+AK3*$AH$16,NA()),IF($AI$1=2,IF(AND(ISNUMBER($AH$15),ISNUMBER($AH$16),ISNUMBER($AH$17)),$AH$15/(1+((AK3-$AH$16)/$AH$17)^2),NA()),IF($AI$1=3,IF(AND(ISNUMBER($AH$15),ISNUMBER($AH$16),ISNUMBER($AH$17)),$AH$15*EXP((-1)*((AK3-$AH$16)/$AH$17)^2),NA()), IF($AI$1=4,IF(AND(ISNUMBER($AH$15),ISNUMBER($AH$16),ISNUMBER($AH$17),ISNUMBER($AH$18)),$AH$15*SIN((AK3*$AH$16)-$AH$17)+$AH$18,NA()),NA())))) -> 0 | AP3: =IF($AI$1=1,IF(AND(ISNUMBER($AH$15),ISNUMBER($AH$16)),$AH$15+AN3*$AH$16,NA()),IF($AI$1=2,IF(AND(ISNUMBER($AH$15),ISNUMBER($AH$16),ISNUMBER($AH$17)),$AH$15/(1+((AN3-$AH$16)/$AH$17)^2),NA()), IF($AI$1=3,IF(AND(ISNUMBER($AH$15),ISNUMBER($AH$16),ISNUMBER($AH$17)),$AH$15*EXP(-(((AN3-$AH$16)/$AH$17)^2)),NA()),IF($AI$1=4,IF(AND(ISNUMBER($AH$15),ISNUMBER($AH$16),ISNUMBER($AH$17),ISNUMBER($AH$18)),$AH$15*SIN($AH$16*AN3-$AH$17)+$AH$18,NA()),NA())))) -> 0 | AQ3: =(AP3-AO3)^2 -> 0 | AR3: =(AO3-$AO$104)^2 -> #N/A
A4: Last row with paired data | D4: =MIN(D2,D3) -> 40 | F4: 2 | G4: =MIN(x1Data)+(MAX(x1Data)-MIN(x1Data))*(F4/100) -> 160 | H4: =IF($D$1=1,$C$11+$B$11*G4, IF($D$1=2,$B$11*G4^#REF!,IF($D$1=3,$D$11+$C$11*G4+$B$11*(G4)^2,IF($D$1=4,$E$11+$D$11*G4+$C$11*(G4)^2+$B$11*(G4)^3,IF($D$1=5,EXP($C$11)*G4^($B$11),IF($D$1=6,EXP($C$11+G4*$B$11), NA())))))) -> #N/A | J4: =IFERROR(MIN(DA_x1data,DA_x2data)+(MAX(DA_x1data,DA_x2data)-MIN(DA_x1data,DA_x2data))*(F4/100), MIN(DA_x1data)+(MAX(DA_x1data)-MIN(DA_x1data))*(F4/100)) -> #N/A | K4: =IF($D$32=1,$B$48*J4+$C$48,IF($D$32=2,$B$48*J4^2+$C$48*J4+$D$48,IF($D$32=3,$B$48*J4^3+$C$48*J4^2+$D$48*J4+$E$48,IF($D$32=4,$B$48*J4^'Double Analysis'!$G$13,IF($D$32=5,EXP($C$48)*J4^$B$48,IF($D$32=6,EXP($C$48+J4*$B$48),NA())))))) -> #N/A | L4: =IF($D$32=1,$B$54*J4+$C$54,IF($D$32=2,$B$54*J4^2+$C$54*J4+$D$54,IF($D$32=3,$B$54*J4^3+$C$54*J4^2+$D$54*J4+$E$54,IF($D$32=4,$B$54*J4^'Double Analysis'!$G$13,IF($D$32=5,EXP($C$54)*J4^$B$54,IF($D$32=6,EXP($C$54+J4*$B$54),NA())))))) -> #N/A | N4: =IFERROR(SMALL($R$2:$R$102, ROW()-1),NA()) -> 1000 | O4: =IF(ISNUMBER(N4),INDEX(y1Data,MATCH(N4,$R$2:$R$102,0)),NA()) -> 5.22 | P4: =IF($D$1=7,O4,NA()) -> #N/A | Q4: 2000 | R4: =IF(Q4<>"",Q4+(0.0000000000001)*(COUNTIF($Q4:Q$102,Q4)-1),"") -> 2000 | Y4: =IF(ISNUMBER(T4),T4," ") | Z4: =IFERROR(SMALL($Y$2:$Y$102,ROW()-1),NA()) -> #N/A | AA4: {=IF(ISNUMBER(Z4),INDEX(DA_y1data,MATCH(Z4,$Y$2:$Y$102,0)),NA())} -> #N/A | AB4: =IF($D$32=7,AA4,NA()) -> #N/A | AC4: =IF(ISNUMBER(V4),V4," ") | AD4: =IFERROR(SMALL($AC$2:$AC$102,ROW()-1),NA()) -> #N/A | AE4: {=IF(ISNUMBER(AD4),INDEX(DA_y2data,MATCH(AD4,$AC$2:$AC$102,0)),NA())} -> #N/A | AF4: =IF($D$32=7,AE4,NA()) -> #N/A | AK4: =MIN('Manual Fitting'!$A$3:$A$32)+(MAX('Manual Fitting'!$A$3:$A$32)-MIN('Manual Fitting'!$A$3:$A$17))*(Guts!F4/100) -> 0 | AL4: =IF($AI$1=1,IF(AND(ISNUMBER($AH$15),ISNUMBER($AH$16)),$AH$15+AK4*$AH$16,NA()),IF($AI$1=2,IF(AND(ISNUMBER($AH$15),ISNUMBER($AH$16),ISNUMBER($AH$17)),$AH$15/(1+((AK4-$AH$16)/$AH$17)^2),NA()),IF($AI$1=3,IF(AND(ISNUMBER($AH$15),ISNUMBER($AH$16),ISNUMBER($AH$17)),$AH$15*EXP((-1)*((AK4-$AH$16)/$AH$17)^2),NA()), IF($AI$1=4,IF(AND(ISNUMBER($AH$15),ISNUMBER($AH$16),ISNUMBER($AH$17),ISNUMBER($AH$18)),$AH$15*SIN((AK4*$AH$16)-$AH$17)+$AH$18,NA()),NA())))) -> 0 | AP4: =IF($AI$1=1,IF(AND(ISNUMBER($AH$15),ISNUMBER($AH$16)),$AH$15+AN4*$AH$16,NA()),IF($AI$1=2,IF(AND(ISNUMBER($AH$15),ISNUMBER($AH$16),ISNUMBER($AH$17)),$AH$15/(1+((AN4-$AH$16)/$AH$17)^2),NA()), IF($AI$1=3,IF(AND(ISNUMBER($AH$15),ISNUMBER($AH$16),ISNUMBER($AH$17)),$AH$15*EXP(-(((AN4-$AH$16)/$AH$17)^2)),NA()),IF($AI$1=4,IF(AND(ISNUMBER($AH$15),ISNUMBER($AH$16),ISNUMBER($AH$17),ISNUMBER($AH$18)),$AH$15*SIN($AH$16*AN4-$AH$17)+$AH$18,NA()),NA())))) -> 0 | AQ4: =(AP4-AO4)^2 -> 0 | AR4: =(AO4-$AO$104)^2 -> #N/A
A5: First row with x data | D5: {=MATCH(TRUE,ISNUMBER(Analysis!$A:$A),0)} -> 2 | F5: 3 | G5: =MIN(x1Data)+(MAX(x1Data)-MIN(x1Data))*(F5/100) -> 240 | H5: =IF($D$1=1,$C$11+$B$11*G5, IF($D$1=2,$B$11*G5^#REF!,IF($D$1=3,$D$11+$C$11*G5+$B$11*(G5)^2,IF($D$1=4,$E$11+$D$11*G5+$C$11*(G5)^2+$B$11*(G5)^3,IF($D$1=5,EXP($C$11)*G5^($B$11),IF($D$1=6,EXP($C$11+G5*$B$11), NA())))))) -> #N/A | J5: =IFERROR(MIN(DA_x1data,DA_x2data)+(MAX(DA_x1data,DA_x2data)-MIN(DA_x1data,DA_x2data))*(F5/100), MIN(DA_x1data)+(MAX(DA_x1data)-MIN(DA_x1data))*(F5/100)) -> #N/A | K5: =IF($D$32=1,$B$48*J5+$C$48,IF($D$32=2,$B$48*J5^2+$C$48*J5+$D$48,IF($D$32=3,$B$48*J5^3+$C$48*J5^2+$D$48*J5+$E$48,IF($D$32=4,$B$48*J5^'Double Analysis'!$G$13,IF($D$32=5,EXP($C$48)*J5^$B$48,IF($D$32=6,EXP($C$48+J5*$B$48),NA())))))) -> #N/A | L5: =IF($D$32=1,$B$54*J5+$C$54,IF($D$32=2,$B$54*J5^2+$C$54*J5+$D$54,IF($D$32=3,$B$54*J5^3+$C$54*J5^2+$D$54*J5+$E$54,IF($D$32=4,$B$54*J5^'Double Analysis'!$G$13,IF($D$32=5,EXP($C$54)*J5^$B$54,IF($D$32=6,EXP($C$54+J5*$B$54),NA())))))) -> #N/A | N5: =IFERROR(SMALL($R$2:$R$102, ROW()-1),NA()) -> 1000 | O5: =IF(ISNUMBER(N5),INDEX(y1Data,MATCH(N5,$R$2:$R$102,0)),NA()) -> 4.18 | P5: =IF($D$1=7,O5,NA()) -> #N/A | Q5: 3000 | R5: =IF(Q5<>"",Q5+(0.0000000000001)*(COUNTIF($Q5:Q$102,Q5)-1),"") -> 3000 | Y5: =IF(ISNUMBER(T5),T5," ") | Z5: =IFERROR(SMALL($Y$2:$Y$102,ROW()-1),NA()) -> #N/A | AA5: {=IF(ISNUMBER(Z5),INDEX(DA_y1data,MATCH(Z5,$Y$2:$Y$102,0)),NA())} -> #N/A | AB5: =IF($D$32=7,AA5,NA()) -> #N/A | AC5: =IF(ISNUMBER(V5),V5," ") | AD5: =IFERROR(SMALL($AC$2:$AC$102,ROW()-1),NA()) -> #N/A | AE5: {=IF(ISNUMBER(AD5),INDEX(DA_y2data,MATCH(AD5,$AC$2:$AC$102,0)),NA())} -> #N/A | AF5: =IF($D$32=7,AE5,NA()) -> #N/A | AH5: linear | AI5: y=A+Bx | AK5: =MIN('Manual Fitting'!$A$3:$A$32)+(MAX('Manual Fitting'!$A$3:$A$32)-MIN('Manual Fitting'!$A$3:$A$17))*(Guts!F5/100) -> 0 | AL5: =IF($AI$1=1,IF(AND(ISNUMBER($AH$15),ISNUMBER($AH$16)),$AH$15+AK5*$AH$16,NA()),IF($AI$1=2,IF(AND(ISNUMBER($AH$15),ISNUMBER($AH$16),ISNUMBER($AH$17)),$AH$15/(1+((AK5-$AH$16)/$AH$17)^2),NA()),IF($AI$1=3,IF(AND(ISNUMBER($AH$15),ISNUMBER($AH$16),ISNUMBER($AH$17)),$AH$15*EXP((-1)*((AK5-$AH$16)/$AH$17)^2),NA()), IF($AI$1=4,IF(AND(ISNUMBER($AH$15),ISNUMBER($AH$16),ISNUMBER($AH$17),ISNUMBER($AH$18)),$AH$15*SIN((AK5*$AH$16)-$AH$17)+$AH$18,NA()),NA())))) -> 0 | AP5: =IF($AI$1=1,IF(AND(ISNUMBER($AH$15),ISNUMBER($AH$16)),$AH$15+AN5*$AH$16,NA()),IF($AI$1=2,IF(AND(ISNUMBER($AH$15),ISNUMBER($AH$16),ISNUMBER($AH$17)),$AH$15/(1+((AN5-$AH$16)/$AH$17)^2),NA()), IF($AI$1=3,IF(AND(ISNUMBER($AH$15),ISNUMBER($AH$16),ISNUMBER($AH$17)),$AH$15*EXP(-(((AN5-$AH$16)/$AH$17)^2)),NA()),IF($AI$1=4,IF(AND(ISNUMBER($AH$15),ISNUMBER($AH$16),ISNUMBER($AH$17),ISNUMBER($AH$18)),$AH$15*SIN($AH$16*AN5-$AH$17)+$AH$18,NA()),NA())))) -> 0 | AQ5: =(AP5-AO5)^2 -> 0 | AR5: =(AO5-$AO$104)^2 -> #N/A
A6: First row with y data | D6: {=MATCH(TRUE,ISNUMBER(Analysis!$B:$B),0)} -> 2 | F6: 4 | G6: =MIN(x1Data)+(MAX(x1Data)-MIN(x1Data))*(F6/100) -> 320 | H6: =IF($D$1=1,$C$11+$B$11*G6, IF($D$1=2,$B$11*G6^#REF!,IF($D$1=3,$D$11+$C$11*G6+$B$11*(G6)^2,IF($D$1=4,$E$11+$D$11*G6+$C$11*(G6)^2+$B$11*(G6)^3,IF($D$1=5,EXP($C$11)*G6^($B$11),IF($D$1=6,EXP($C$11+G6*$B$11), NA())))))) -> #N/A | J6: =IFERROR(MIN(DA_x1data,DA_x2data)+(MAX(DA_x1data,DA_x2data)-MIN(DA_x1data,DA_x2data))*(F6/100), MIN(DA_x1data)+(MAX(DA_x1data)-MIN(DA_x1data))*(F6/100)) -> #N/A | K6: =IF($D$32=1,$B$48*J6+$C$48,IF($D$32=2,$B$48*J6^2+$C$48*J6+$D$48,IF($D$32=3,$B$48*J6^3+$C$48*J6^2+$D$48*J6+$E$48,IF($D$32=4,$B$48*J6^'Double Analysis'!$G$13,IF($D$32=5,EXP($C$48)*J6^$B$48,IF($D$32=6,EXP($C$48+J6*$B$48),NA())))))) -> #N/A | L6: =IF($D$32=1,$B$54*J6+$C$54,IF($D$32=2,$B$54*J6^2+$C$54*J6+$D$54,IF($D$32=3,$B$54*J6^3+$C$54*J6^2+$D$54*J6+$E$54,IF($D$32=4,$B$54*J6^'Double Analysis'!$G$13,IF($D$32=5,EXP($C$54)*J6^$B$54,IF($D$32=6,EXP($C$54+J6*$B$54),NA())))))) -> #N/A | N6: =IFERROR(SMALL($R$2:$R$102, ROW()-1),NA()) -> 2000 | O6: =IF(ISNUMBER(N6),INDEX(y1Data,MATCH(N6,$R$2:$R$102,0)),NA()) -> 7.74 | P6: =IF($D$1=7,O6,NA()) -> #N/A | Q6: 4000 | R6: =IF(Q6<>"",Q6+(0.0000000000001)*(COUNTIF($Q6:Q$102,Q6)-1),"") -> 4000 | Y6: =IF(ISNUMBER(T6),T6," ") | Z6: =IFERROR(SMALL($Y$2:$Y$102,ROW()-1),NA()) -> #N/A | AA6: {=IF(ISNUMBER(Z6),INDEX(DA_y1data,MATCH(Z6,$Y$2:$Y$102,0)),NA())} -> #N/A | AB6: =IF($D$32=7,AA6,NA()) -> #N/A | AC6: =IF(ISNUMBER(V6),V6," ") | AD6: =IFERROR(SMALL($AC$2:$AC$102,ROW()-1),NA()) -> #N/A | AE6: {=IF(ISNUMBER(AD6),INDEX(DA_y2data,MATCH(AD6,$AC$2:$AC$102,0)),NA())} -> #N/A | AF6: =IF($D$32=7,AE6,NA()) -> #N/A | AH6: lorentzian | AI6: y=A/(1+((x−B)/C)²) | AK6: =MIN('Manual Fitting'!$A$3:$A$32)+(MAX('Manual Fitting'!$A$3:$A$32)-MIN('Manual Fitting'!$A$3:$A$17))*(Guts!F6/100) -> 0 | AL6: =IF($AI$1=1,IF(AND(ISNUMBER($AH$15),ISNUMBER($AH$16)),$AH$15+AK6*$AH$16,NA()),IF($AI$1=2,IF(AND(ISNUMBER($AH$15),ISNUMBER($AH$16),ISNUMBER($AH$17)),$AH$15/(1+((AK6-$AH$16)/$AH$17)^2),NA()),IF($AI$1=3,IF(AND(ISNUMBER($AH$15),ISNUMBER($AH$16),ISNUMBER($AH$17)),$AH$15*EXP((-1)*((AK6-$AH$16)/$AH$17)^2),NA()), IF($AI$1=4,IF(AND(ISNUMBER($AH$15),ISNUMBER($AH$16),ISNUMBER($AH$17),ISNUMBER($AH$18)),$AH$15*SIN((AK6*$AH$16)-$AH$17)+$AH$18,NA()),NA())))) -> 0 | AP6: =IF($AI$1=1,IF(AND(ISNUMBER($AH$15),ISNUMBER($AH$16)),$AH$15+AN6*$AH$16,NA()),IF($AI$1=2,IF(AND(ISNUMBER($AH$15),ISNUMBER($AH$16),ISNUMBER($AH$17)),$AH$15/(1+((AN6-$AH$16)/$AH$17)^2),NA()), IF($AI$1=3,IF(AND(ISNUMBER($AH$15),ISNUMBER($AH$16),ISNUMBER($AH$17)),$AH$15*EXP(-(((AN6-$AH$16)/$AH$17)^2)),NA()),IF($AI$1=4,IF(AND(ISNUMBER($AH$15),ISNUMBER($AH$16),ISNUMBER($AH$17),ISNUMBER($AH$18)),$AH$15*SIN($AH$16*AN6-$AH$17)+$AH$18,NA()),NA())))) -> 0 | AQ6: =(AP6-AO6)^2 -> 0 | AR6: =(AO6-$AO$104)^2 -> #N/A
A7: First row with paired data | D7: =MAX(D5:D6) -> 2 | F7: 5 | G7: =MIN(x1Data)+(MAX(x1Data)-MIN(x1Data))*(F7/100) -> 400 | H7: =IF($D$1=1,$C$11+$B$11*G7, IF($D$1=2,$B$11*G7^#REF!,IF($D$1=3,$D$11+$C$11*G7+$B$11*(G7)^2,IF($D$1=4,$E$11+$D$11*G7+$C$11*(G7)^2+$B$11*(G7)^3,IF($D$1=5,EXP($C$11)*G7^($B$11),IF($D$1=6,EXP($C$11+G7*$B$11), NA())))))) -> #N/A | J7: =IFERROR(MIN(DA_x1data,DA_x2data)+(MAX(DA_x1data,DA_x2data)-MIN(DA_x1data,DA_x2data))*(F7/100), MIN(DA_x1data)+(MAX(DA_x1data)-MIN(DA_x1data))*(F7/100)) -> #N/A | K7: =IF($D$32=1,$B$48*J7+$C$48,IF($D$32=2,$B$48*J7^2+$C$48*J7+$D$48,IF($D$32=3,$B$48*J7^3+$C$48*J7^2+$D$48*J7+$E$48,IF($D$32=4,$B$48*J7^'Double Analysis'!$G$13,IF($D$32=5,EXP($C$48)*J7^$B$48,IF($D$32=6,EXP($C$48+J7*$B$48),NA())))))) -> #N/A | L7: =IF($D$32=1,$B$54*J7+$C$54,IF($D$32=2,$B$54*J7^2+$C$54*J7+$D$54,IF($D$32=3,$B$54*J7^3+$C$54*J7^2+$D$54*J7+$E$54,IF($D$32=4,$B$54*J7^'Double Analysis'!$G$13,IF($D$32=5,EXP($C$54)*J7^$B$54,IF($D$32=6,EXP($C$54+J7*$B$54),NA())))))) -> #N/A | N7: =IFERROR(SMALL($R$2:$R$102, ROW()-1),NA()) -> 2000 | O7: =IF(ISNUMBER(N7),INDEX(y1Data,MATCH(N7,$R$2:$R$102,0)),NA()) -> 7.74 | P7: =IF($D$1=7,O7,NA()) -> #N/A | Q7: 5000 | R7: =IF(Q7<>"",Q7+(0.0000000000001)*(COUNTIF($Q7:Q$102,Q7)-1),"") -> 5000 | Y7: =IF(ISNUMBER(T7),T7," ") | Z7: =IFERROR(SMALL($Y$2:$Y$102,ROW()-1),NA()) -> #N/A | AA7: {=IF(ISNUMBER(Z7),INDEX(DA_y1data,MATCH(Z7,$Y$2:$Y$102,0)),NA())} -> #N/A | AB7: =IF($D$32=7,AA7,NA()) -> #N/A | AC7: =IF(ISNUMBER(V7),V7," ") | AD7: =IFERROR(SMALL($AC$2:$AC$102,ROW()-1),NA()) -> #N/A | AE7: {=IF(ISNUMBER(AD7),INDEX(DA_y2data,MATCH(AD7,$AC$2:$AC$102,0)),NA())} -> #N/A | AF7: =IF($D$32=7,AE7,NA()) -> #N/A | AH7: gaussian | AI7: y=A exp(−((x−B)/C)²) | AK7: =MIN('Manual Fitting'!$A$3:$A$32)+(MAX('Manual Fitting'!$A$3:$A$32)-MIN('Manual Fitting'!$A$3:$A$17))*(Guts!F7/100) -> 0 | AL7: =IF($AI$1=1,IF(AND(ISNUMBER($AH$15),ISNUMBER($AH$16)),$AH$15+AK7*$AH$16,NA()),IF($AI$1=2,IF(AND(ISNUMBER($AH$15),ISNUMBER($AH$16),ISNUMBER($AH$17)),$AH$15/(1+((AK7-$AH$16)/$AH$17)^2),NA()),IF($AI$1=3,IF(AND(ISNUMBER($AH$15),ISNUMBER($AH$16),ISNUMBER($AH$17)),$AH$15*EXP((-1)*((AK7-$AH$16)/$AH$17)^2),NA()), IF($AI$1=4,IF(AND(ISNUMBER($AH$15),ISNUMBER($AH$16),ISNUMBER($AH$17),ISNUMBER($AH$18)),$AH$15*SIN((AK7*$AH$16)-$AH$17)+$AH$18,NA()),NA())))) -> 0 | AP7: =IF($AI$1=1,IF(AND(ISNUMBER($AH$15),ISNUMBER($AH$16)),$AH$15+AN7*$AH$16,NA()),IF($AI$1=2,IF(AND(ISNUMBER($AH$15),ISNUMBER($AH$16),ISNUMBER($AH$17)),$AH$15/(1+((AN7-$AH$16)/$AH$17)^2),NA()), IF($AI$1=3,IF(AND(ISNUMBER($AH$15),ISNUMBER($AH$16),ISNUMBER($AH$17)),$AH$15*EXP(-(((AN7-$AH$16)/$AH$17)^2)),NA()),IF($AI$1=4,IF(AND(ISNUMBER($AH$15),ISNUMBER($AH$16),ISNUMBER($AH$17),ISNUMBER($AH$18)),$AH$15*SIN($AH$16*AN7-$AH$17)+$AH$18,NA()),NA())))) -> 0 | AQ7: =(AP7-AO7)^2 -> 0 | AR7: =(AO7-$AO$104)^2 -> #N/A
F8: 6 | G8: =MIN(x1Data)+(MAX(x1Data)-MIN(x1Data))*(F8/100) -> 480 | H8: =IF($D$1=1,$C$11+$B$11*G8, IF($D$1=2,$B$11*G8^#REF!,IF($D$1=3,$D$11+$C$11*G8+$B$11*(G8)^2,IF($D$1=4,$E$11+$D$11*G8+$C$11*(G8)^2+$B$11*(G8)^3,IF($D$1=5,EXP($C$11)*G8^($B$11),IF($D$1=6,EXP($C$11+G8*$B$11), NA())))))) -> #N/A | J8: =IFERROR(MIN(DA_x1data,DA_x2data)+(MAX(DA_x1data,DA_x2data)-MIN(DA_x1data,DA_x2data))*(F8/100), MIN(DA_x1data)+(MAX(DA_x1data)-MIN(DA_x1data))*(F8/100)) -> #N/A | K8: =IF($D$32=1,$B$48*J8+$C$48,IF($D$32=2,$B$48*J8^2+$C$48*J8+$D$48,IF($D$32=3,$B$48*J8^3+$C$48*J8^2+$D$48*J8+$E$48,IF($D$32=4,$B$48*J8^'Double Analysis'!$G$13,IF($D$32=5,EXP($C$48)*J8^$B$48,IF($D$32=6,EXP($C$48+J8*$B$48),NA())))))) -> #N/A | L8: =IF($D$32=1,$B$54*J8+$C$54,IF($D$32=2,$B$54*J8^2+$C$54*J8+$D$54,IF($D$32=3,$B$54*J8^3+$C$54*J8^2+$D$54*J8+$E$54,IF($D$32=4,$B$54*J8^'Double Analysis'!$G$13,IF($D$32=5,EXP($C$54)*J8^$B$54,IF($D$32=6,EXP($C$54+J8*$B$54),NA())))))) -> #N/A | N8: =IFERROR(SMALL($R$2:$R$102, ROW()-1),NA()) -> 3000 | O8: =IF(ISNUMBER(N8),INDEX(y1Data,MATCH(N8,$R$2:$R$102,0)),NA()) -> 11.36 | P8: =IF($D$1=7,O8,NA()) -> #N/A | Q8: 6000 | R8: =IF(Q8<>"",Q8+(0.0000000000001)*(COUNTIF($Q8:Q$102,Q8)-1),"") -> 6000 | Y8: =IF(ISNUMBER(T8),T8," ") | Z8: =IFERROR(SMALL($Y$2:$Y$102,ROW()-1),NA()) -> #N/A | AA8: {=IF(ISNUMBER(Z8),INDEX(DA_y1data,MATCH(Z8,$Y$2:$Y$102,0)),NA())} -> #N/A | AB8: =IF($D$32=7,AA8,NA()) -> #N/A | AC8: =IF(ISNUMBER(V8),V8," ") | AD8: =IFERROR(SMALL($AC$2:$AC$102,ROW()-1),NA()) -> #N/A | AE8: {=IF(ISNUMBER(AD8),INDEX(DA_y2data,MATCH(AD8,$AC$2:$AC$102,0)),NA())} -> #N/A | AF8: =IF($D$32=7,AE8,NA()) -> #N/A | AH8: sine | AI8: y=A sin(Bx−C)+D | AK8: =MIN('Manual Fitting'!$A$3:$A$32)+(MAX('Manual Fitting'!$A$3:$A$32)-MIN('Manual Fitting'!$A$3:$A$17))*(Guts!F8/100) -> 0 | AL8: =IF($AI$1=1,IF(AND(ISNUMBER($AH$15),ISNUMBER($AH$16)),$AH$15+AK8*$AH$16,NA()),IF($AI$1=2,IF(AND(ISNUMBER($AH$15),ISNUMBER($AH$16),ISNUMBER($AH$17)),$AH$15/(1+((AK8-$AH$16)/$AH$17)^2),NA()),IF($AI$1=3,IF(AND(ISNUMBER($AH$15),ISNUMBER($AH$16),ISNUMBER($AH$17)),$AH$15*EXP((-1)*((AK8-$AH$16)/$AH$17)^2),NA()), IF($AI$1=4,IF(AND(ISNUMBER($AH$15),ISNUMBER($AH$16),ISNUMBER($AH$17),ISNUMBER($AH$18)),$AH$15*SIN((AK8*$AH$16)-$AH$17)+$AH$18,NA()),NA())))) -> 0 | AP8: =IF($AI$1=1,IF(AND(ISNUMBER($AH$15),ISNUMBER($AH$16)),$AH$15+AN8*$AH$16,NA()),IF($AI$1=2,IF(AND(ISNUMBER($AH$15),ISNUMBER($AH$16),ISNUMBER($AH$17)),$AH$15/(1+((AN8-$AH$16)/$AH$17)^2),NA()), IF($AI$1=3,IF(AND(ISNUMBER($AH$15),ISNUMBER($AH$16),ISNUMBER($AH$17)),$AH$15*EXP(-(((AN8-$AH$16)/$AH$17)^2)),NA()),IF($AI$1=4,IF(AND(ISNUMBER($AH$15),ISNUMBER($AH$16),ISNUMBER($AH$17),ISNUMBER($AH$18)),$AH$15*SIN($AH$16*AN8-$AH$17)+$AH$18,NA()),NA())))) -> 0 | AQ8: =(AP8-AO8)^2 -> 0 | AR8: =(AO8-$AO$104)^2 -> #N/A
F9: 7 | G9: =MIN(x1Data)+(MAX(x1Data)-MIN(x1Data))*(F9/100) -> 560 | H9: =IF($D$1=1,$C$11+$B$11*G9, IF($D$1=2,$B$11*G9^#REF!,IF($D$1=3,$D$11+$C$11*G9+$B$11*(G9)^2,IF($D$1=4,$E$11+$D$11*G9+$C$11*(G9)^2+$B$11*(G9)^3,IF($D$1=5,EXP($C$11)*G9^($B$11),IF($D$1=6,EXP($C$11+G9*$B$11), NA())))))) -> #N/A | J9: =IFERROR(MIN(DA_x1data,DA_x2data)+(MAX(DA_x1data,DA_x2data)-MIN(DA_x1data,DA_x2data))*(F9/100), MIN(DA_x1data)+(MAX(DA_x1data)-MIN(DA_x1data))*(F9/100)) -> #N/A | K9: =IF($D$32=1,$B$48*J9+$C$48,IF($D$32=2,$B$48*J9^2+$C$48*J9+$D$48,IF($D$32=3,$B$48*J9^3+$C$48*J9^2+$D$48*J9+$E$48,IF($D$32=4,$B$48*J9^'Double Analysis'!$G$13,IF($D$32=5,EXP($C$48)*J9^$B$48,IF($D$32=6,EXP($C$48+J9*$B$48),NA())))))) -> #N/A | L9: =IF($D$32=1,$B$54*J9+$C$54,IF($D$32=2,$B$54*J9^2+$C$54*J9+$D$54,IF($D$32=3,$B$54*J9^3+$C$54*J9^2+$D$54*J9+$E$54,IF($D$32=4,$B$54*J9^'Double Analysis'!$G$13,IF($D$32=5,EXP($C$54)*J9^$B$54,IF($D$32=6,EXP($C$54+J9*$B$54),NA())))))) -> #N/A | N9: =IFERROR(SMALL($R$2:$R$102, ROW()-1),NA()) -> 3000 | O9: =IF(ISNUMBER(N9),INDEX(y1Data,MATCH(N9,$R$2:$R$102,0)),NA()) -> 11.36 | P9: =IF($D$1=7,O9,NA()) -> #N/A | Q9: 7000 | R9: =IF(Q9<>"",Q9+(0.0000000000001)*(COUNTIF($Q9:Q$102,Q9)-1),"") -> 7000 | Y9: =IF(ISNUMBER(T9),T9," ") | Z9: =IFERROR(SMALL($Y$2:$Y$102,ROW()-1),NA()) -> #N/A | AA9: {=IF(ISNUMBER(Z9),INDEX(DA_y1data,MATCH(Z9,$Y$2:$Y$102,0)),NA())} -> #N/A | AB9: =IF($D$32=7,AA9,NA()) -> #N/A | AC9: =IF(ISNUMBER(V9),V9," ") | AD9: =IFERROR(SMALL($AC$2:$AC$102,ROW()-1),NA()) -> #N/A | AE9: {=IF(ISNUMBER(AD9),INDEX(DA_y2data,MATCH(AD9,$AC$2:$AC$102,0)),NA())} -> #N/A | AF9: =IF($D$32=7,AE9,NA()) -> #N/A | AK9: =MIN('Manual Fitting'!$A$3:$A$32)+(MAX('Manual Fitting'!$A$3:$A$32)-MIN('Manual Fitting'!$A$3:$A$17))*(Guts!F9/100) -> 0 | AL9: =IF($AI$1=1,IF(AND(ISNUMBER($AH$15),ISNUMBER($AH$16)),$AH$15+AK9*$AH$16,NA()),IF($AI$1=2,IF(AND(ISNUMBER($AH$15),ISNUMBER($AH$16),ISNUMBER($AH$17)),$AH$15/(1+((AK9-$AH$16)/$AH$17)^2),NA()),IF($AI$1=3,IF(AND(ISNUMBER($AH$15),ISNUMBER($AH$16),ISNUMBER($AH$17)),$AH$15*EXP((-1)*((AK9-$AH$16)/$AH$17)^2),NA()), IF($AI$1=4,IF(AND(ISNUMBER($AH$15),ISNUMBER($AH$16),ISNUMBER($AH$17),ISNUMBER($AH$18)),$AH$15*SIN((AK9*$AH$16)-$AH$17)+$AH$18,NA()),NA())))) -> 0 | AP9: =IF($AI$1=1,IF(AND(ISNUMBER($AH$15),ISNUMBER($AH$16)),$AH$15+AN9*$AH$16,NA()),IF($AI$1=2,IF(AND(ISNUMBER($AH$15),ISNUMBER($AH$16),ISNUMBER($AH$17)),$AH$15/(1+((AN9-$AH$16)/$AH$17)^2),NA()), IF($AI$1=3,IF(AND(ISNUMBER($AH$15),ISNUMBER($AH$16),ISNUMBER($AH$17)),$AH$15*EXP(-(((AN9-$AH$16)/$AH$17)^2)),NA()),IF($AI$1=4,IF(AND(ISNUMBER($AH$15),ISNUMBER($AH$16),ISNUMBER($AH$17),ISNUMBER($AH$18)),$AH$15*SIN($AH$16*AN9-$AH$17)+$AH$18,NA()),NA())))) -> 0 | AQ9: =(AP9-AO9)^2 -> 0 | AR9: =(AO9-$AO$104)^2 -> #N/A
A10: Analysis fit parameters | F10: 8 | G10: =MIN(x1Data)+(MAX(x1Data)-MIN(x1Data))*(F10/100) -> 640 | H10: =IF($D$1=1,$C$11+$B$11*G10, IF($D$1=2,$B$11*G10^#REF!,IF($D$1=3,$D$11+$C$11*G10+$B$11*(G10)^2,IF($D$1=4,$E$11+$D$11*G10+$C$11*(G10)^2+$B$11*(G10)^3,IF($D$1=5,EXP($C$11)*G10^($B$11),IF($D$1=6,EXP($C$11+G10*$B$11), NA())))))) -> #N/A | J10: =IFERROR(MIN(DA_x1data,DA_x2data)+(MAX(DA_x1data,DA_x2data)-MIN(DA_x1data,DA_x2data))*(F10/100), MIN(DA_x1data)+(MAX(DA_x1data)-MIN(DA_x1data))*(F10/100)) -> #N/A | K10: =IF($D$32=1,$B$48*J10+$C$48,IF($D$32=2,$B$48*J10^2+$C$48*J10+$D$48,IF($D$32=3,$B$48*J10^3+$C$48*J10^2+$D$48*J10+$E$48,IF($D$32=4,$B$48*J10^'Double Analysis'!$G$13,IF($D$32=5,EXP($C$48)*J10^$B$48,IF($D$32=6,EXP($C$48+J10*$B$48),NA())))))) -> #N/A | L10: =IF($D$32=1,$B$54*J10+$C$54,IF($D$32=2,$B$54*J10^2+$C$54*J10+$D$54,IF($D$32=3,$B$54*J10^3+$C$54*J10^2+$D$54*J10+$E$54,IF($D$32=4,$B$54*J10^'Double Analysis'!$G$13,IF($D$32=5,EXP($C$54)*J10^$B$54,IF($D$32=6,EXP($C$54+J10*$B$54),NA())))))) -> #N/A | N10: =IFERROR(SMALL($R$2:$R$102, ROW()-1),NA()) -> 4000 | O10: =IF(ISNUMBER(N10),INDEX(y1Data,MATCH(N10,$R$2:$R$102,0)),NA()) -> 15.08 | P10: =IF($D$1=7,O10,NA()) -> #N/A | Q10: 8000 | R10: =IF(Q10<>"",Q10+(0.0000000000001)*(COUNTIF($Q10:Q$102,Q10)-1),"") -> 8000 | Y10: =IF(ISNUMBER(T10),T10," ") | Z10: =IFERROR(SMALL($Y$2:$Y$102,ROW()-1),NA()) -> #N/A | AA10: {=IF(ISNUMBER(Z10),INDEX(DA_y1data,MATCH(Z10,$Y$2:$Y$102,0)),NA())} -> #N/A | AB10: =IF($D$32=7,AA10,NA()) -> #N/A | AC10: =IF(ISNUMBER(V10),V10," ") | AD10: =IFERROR(SMALL($AC$2:$AC$102,ROW()-1),NA()) -> #N/A | AE10: {=IF(ISNUMBER(AD10),INDEX(DA_y2data,MATCH(AD10,$AC$2:$AC$102,0)),NA())} -> #N/A | AF10: =IF($D$32=7,AE10,NA()) -> #N/A | AK10: =MIN('Manual Fitting'!$A$3:$A$32)+(MAX('Manual Fitting'!$A$3:$A$32)-MIN('Manual Fitting'!$A$3:$A$17))*(Guts!F10/100) -> 0 | AL10: =IF($AI$1=1,IF(AND(ISNUMBER($AH$15),ISNUMBER($AH$16)),$AH$15+AK10*$AH$16,NA()),IF($AI$1=2,IF(AND(ISNUMBER($AH$15),ISNUMBER($AH$16),ISNUMBER($AH$17)),$AH$15/(1+((AK10-$AH$16)/$AH$17)^2),NA()),IF($AI$1=3,IF(AND(ISNUMBER($AH$15),ISNUMBER($AH$16),ISNUMBER($AH$17)),$AH$15*EXP((-1)*((AK10-$AH$16)/$AH$17)^2),NA()), IF($AI$1=4,IF(AND(ISNUMBER($AH$15),ISNUMBER($AH$16),ISNUMBER($AH$17),ISNUMBER($AH$18)),$AH$15*SIN((AK10*$AH$16)-$AH$17)+$AH$18,NA()),NA())))) -> 0 | AP10: =IF($AI$1=1,IF(AND(ISNUMBER($AH$15),ISNUMBER($AH$16)),$AH$15+AN10*$AH$16,NA()),IF($AI$1=2,IF(AND(ISNUMBER($AH$15),ISNUMBER($AH$16),ISNUMBER($AH$17)),$AH$15/(1+((AN10-$AH$16)/$AH$17)^2),NA()), IF($AI$1=3,IF(AND(ISNUMBER($AH$15),ISNUMBER($AH$16),ISNUMBER($AH$17)),$AH$15*EXP(-(((AN10-$AH$16)/$AH$17)^2)),NA()),IF($AI$1=4,IF(AND(ISNUMBER($AH$15),ISNUMBER($AH$16),ISNUMBER($AH$17),ISNUMBER($AH$18)),$AH$15*SIN($AH$16*AN10-$AH$17)+$AH$18,NA()),NA())))) -> 0 | AQ10: =(AP10-AO10)^2 -> 0 | AR10: =(AO10-$AO$104)^2 -> #N/A
A11: coeffs | B11: {=IF(D1=1,LINEST(Guts!ytograph,Guts!xtograph,1,1),IF(D1=2,LINEST(Guts!ytograph,Guts!xtograph^#REF!,0,1),IF(D1=3, LINEST(Guts!ytograph,Guts!xtograph^{1,2},1,1),IF(D1=4,LINEST(Guts!ytograph,Guts!xtograph^{1,2,3},1,1), IF(D1=5,LINEST(LN(Guts!ytograph),LN(Guts!xtograph),1,1),IF(D1=6,LINEST(LN(Guts!ytograph),Guts!xtograph,1,1),NA()))))))} -> #N/A | F11: 9 | G11: =MIN(x1Data)+(MAX(x1Data)-MIN(x1Data))*(F11/100) -> 720 | H11: =IF($D$1=1,$C$11+$B$11*G11, IF($D$1=2,$B$11*G11^#REF!,IF($D$1=3,$D$11+$C$11*G11+$B$11*(G11)^2,IF($D$1=4,$E$11+$D$11*G11+$C$11*(G11)^2+$B$11*(G11)^3,IF($D$1=5,EXP($C$11)*G11^($B$11),IF($D$1=6,EXP($C$11+G11*$B$11), NA())))))) -> #N/A | J11: =IFERROR(MIN(DA_x1data,DA_x2data)+(MAX(DA_x1data,DA_x2data)-MIN(DA_x1data,DA_x2data))*(F11/100), MIN(DA_x1data)+(MAX(DA_x1data)-MIN(DA_x1data))*(F11/100)) -> #N/A | K11: =IF($D$32=1,$B$48*J11+$C$48,IF($D$32=2,$B$48*J11^2+$C$48*J11+$D$48,IF($D$32=3,$B$48*J11^3+$C$48*J11^2+$D$48*J11+$E$48,IF($D$32=4,$B$48*J11^'Double Analysis'!$G$13,IF($D$32=5,EXP($C$48)*J11^$B$48,IF($D$32=6,EXP($C$48+J11*$B$48),NA())))))) -> #N/A | L11: =IF($D$32=1,$B$54*J11+$C$54,IF($D$32=2,$B$54*J11^2+$C$54*J11+$D$54,IF($D$32=3,$B$54*J11^3+$C$54*J11^2+$D$54*J11+$E$54,IF($D$32=4,$B$54*J11^'Double Analysis'!$G$13,IF($D$32=5,EXP($C$54)*J11^$B$54,IF($D$32=6,EXP($C$54+J11*$B$54),NA())))))) -> #N/A | N11: =IFERROR(SMALL($R$2:$R$102, ROW()-1),NA()) -> 4000 | O11: =IF(ISNUMBER(N11),INDEX(y1Data,MATCH(N11,$R$2:$R$102,0)),NA()) -> 15.08 | P11: =IF($D$1=7,O11,NA()) -> #N/A | Q11: 7000 | R11: =IF(Q11<>"",Q11+(0.0000000000001)*(COUNTIF($Q11:Q$102,Q11)-1),"") -> 7000 | Y11: =IF(ISNUMBER(T11),T11," ") | Z11: =IFERROR(SMALL($Y$2:$Y$102,ROW()-1),NA()) -> #N/A | AA11: {=IF(ISNUMBER(Z11),INDEX(DA_y1data,MATCH(Z11,$Y$2:$Y$102,0)),NA())} -> #N/A | AB11: =IF($D$32=7,AA11,NA()) -> #N/A | AC11: =IF(ISNUMBER(V11),V11," ") | AD11: =IFERROR(SMALL($AC$2:$AC$102,ROW()-1),NA()) -> #N/A | AE11: {=IF(ISNUMBER(AD11),INDEX(DA_y2data,MATCH(AD11,$AC$2:$AC$102,0)),NA())} -> #N/A | AF11: =IF($D$32=7,AE11,NA()) -> #N/A | AH11: =EXP((-1)*((AK2-AH16)/AH17)^2) -> #N/A | AK11: =MIN('Manual Fitting'!$A$3:$A$32)+(MAX('Manual Fitting'!$A$3:$A$32)-MIN('Manual Fitting'!$A$3:$A$17))*(Guts!F11/100) -> 0 | AL11: =IF($AI$1=1,IF(AND(ISNUMBER($AH$15),ISNUMBER($AH$16)),$AH$15+AK11*$AH$16,NA()),IF($AI$1=2,IF(AND(ISNUMBER($AH$15),ISNUMBER($AH$16),ISNUMBER($AH$17)),$AH$15/(1+((AK11-$AH$16)/$AH$17)^2),NA()),IF($AI$1=3,IF(AND(ISNUMBER($AH$15),ISNUMBER($AH$16),ISNUMBER($AH$17)),$AH$15*EXP((-1)*((AK11-$AH$16)/$AH$17)^2),NA()), IF($AI$1=4,IF(AND(ISNUMBER($AH$15),ISNUMBER($AH$16),ISNUMBER($AH$17),ISNUMBER($AH$18)),$AH$15*SIN((AK11*$AH$16)-$AH$17)+$AH$18,NA()),NA())))) -> 0 | AP11: =IF($AI$1=1,IF(AND(ISNUMBER($AH$15),ISNUMBER($AH$16)),$AH$15+AN11*$AH$16,NA()),IF($AI$1=2,IF(AND(ISNUMBER($AH$15),ISNUMBER($AH$16),ISNUMBER($AH$17)),$AH$15/(1+((AN11-$AH$16)/$AH$17)^2),NA()), IF($AI$1=3,IF(AND(ISNUMBER($AH$15),ISNUMBER($AH$16),ISNUMBER($AH$17)),$AH$15*EXP(-(((AN11-$AH$16)/$AH$17)^2)),NA()),IF($AI$1=4,IF(AND(ISNUMBER($AH$15),ISNUMBER($AH$16),ISNUMBER($AH$17),ISNUMBER($AH$18)),$AH$15*SIN($AH$16*AN11-$AH$17)+$AH$18,NA()),NA())))) -> 0 | AQ11: =(AP11-AO11)^2 -> 0 | AR11: =(AO11-$AO$104)^2 -> #N/A
A12: unc. | F12: 10 | G12: =MIN(x1Data)+(MAX(x1Data)-MIN(x1Data))*(F12/100) -> 800 | H12: =IF($D$1=1,$C$11+$B$11*G12, IF($D$1=2,$B$11*G12^#REF!,IF($D$1=3,$D$11+$C$11*G12+$B$11*(G12)^2,IF($D$1=4,$E$11+$D$11*G12+$C$11*(G12)^2+$B$11*(G12)^3,IF($D$1=5,EXP($C$11)*G12^($B$11),IF($D$1=6,EXP($C$11+G12*$B$11), NA())))))) -> #N/A | J12: =IFERROR(MIN(DA_x1data,DA_x2data)+(MAX(DA_x1data,DA_x2data)-MIN(DA_x1data,DA_x2data))*(F12/100), MIN(DA_x1data)+(MAX(DA_x1data)-MIN(DA_x1data))*(F12/100)) -> #N/A | K12: =IF($D$32=1,$B$48*J12+$C$48,IF($D$32=2,$B$48*J12^2+$C$48*J12+$D$48,IF($D$32=3,$B$48*J12^3+$C$48*J12^2+$D$48*J12+$E$48,IF($D$32=4,$B$48*J12^'Double Analysis'!$G$13,IF($D$32=5,EXP($C$48)*J12^$B$48,IF($D$32=6,EXP($C$48+J12*$B$48),NA())))))) -> #N/A | L12: =IF($D$32=1,$B$54*J12+$C$54,IF($D$32=2,$B$54*J12^2+$C$54*J12+$D$54,IF($D$32=3,$B$54*J12^3+$C$54*J12^2+$D$54*J12+$E$54,IF($D$32=4,$B$54*J12^'Double Analysis'!$G$13,IF($D$32=5,EXP($C$54)*J12^$B$54,IF($D$32=6,EXP($C$54+J12*$B$54),NA())))))) -> #N/A | N12: =IFERROR(SMALL($R$2:$R$102, ROW()-1),NA()) -> 5000 | O12: =IF(ISNUMBER(N12),INDEX(y1Data,MATCH(N12,$R$2:$R$102,0)),NA()) -> 18.72 | P12: =IF($D$1=7,O12,NA()) -> #N/A | Q12: 6000 | R12: =IF(Q12<>"",Q12+(0.0000000000001)*(COUNTIF($Q12:Q$102,Q12)-1),"") -> 6000 | Y12: =IF(ISNUMBER(T12),T12," ") | Z12: =IFERROR(SMALL($Y$2:$Y$102,ROW()-1),NA()) -> #N/A | AA12: {=IF(ISNUMBER(Z12),INDEX(DA_y1data,MATCH(Z12,$Y$2:$Y$102,0)),NA())} -> #N/A | AB12: =IF($D$32=7,AA12,NA()) -> #N/A | AC12: =IF(ISNUMBER(V12),V12," ") | AD12: =IFERROR(SMALL($AC$2:$AC$102,ROW()-1),NA()) -> #N/A | AE12: {=IF(ISNUMBER(AD12),INDEX(DA_y2data,MATCH(AD12,$AC$2:$AC$102,0)),NA())} -> #N/A | AF12: =IF($D$32=7,AE12,NA()) -> #N/A | AK12: =MIN('Manual Fitting'!$A$3:$A$32)+(MAX('Manual Fitting'!$A$3:$A$32)-MIN('Manual Fitting'!$A$3:$A$17))*(Guts!F12/100) -> 0 | AL12: =IF($AI$1=1,IF(AND(ISNUMBER($AH$15),ISNUMBER($AH$16)),$AH$15+AK12*$AH$16,NA()),IF($AI$1=2,IF(AND(ISNUMBER($AH$15),ISNUMBER($AH$16),ISNUMBER($AH$17)),$AH$15/(1+((AK12-$AH$16)/$AH$17)^2),NA()),IF($AI$1=3,IF(AND(ISNUMBER($AH$15),ISNUMBER($AH$16),ISNUMBER($AH$17)),$AH$15*EXP((-1)*((AK12-$AH$16)/$AH$17)^2),NA()), IF($AI$1=4,IF(AND(ISNUMBER($AH$15),ISNUMBER($AH$16),ISNUMBER($AH$17),ISNUMBER($AH$18)),$AH$15*SIN((AK12*$AH$16)-$AH$17)+$AH$18,NA()),NA())))) -> 0 | AP12: =IF($AI$1=1,IF(AND(ISNUMBER($AH$15),ISNUMBER($AH$16)),$AH$15+AN12*$AH$16,NA()),IF($AI$1=2,IF(AND(ISNUMBER($AH$15),ISNUMBER($AH$16),ISNUMBER($AH$17)),$AH$15/(1+((AN12-$AH$16)/$AH$17)^2),NA()), IF($AI$1=3,IF(AND(ISNUMBER($AH$15),ISNUMBER($AH$16),ISNUMBER($AH$17)),$AH$15*EXP(-(((AN12-$AH$16)/$AH$17)^2)),NA()),IF($AI$1=4,IF(AND(ISNUMBER($AH$15),ISNUMBER($AH$16),ISNUMBER($AH$17),ISNUMBER($AH$18)),$AH$15*SIN($AH$16*AN12-$AH$17)+$AH$18,NA()),NA())))) -> 0 | AQ12: =(AP12-AO12)^2 -> 0 | AR12: =(AO12-$AO$104)^2 -> #N/A
A13: stats | F13: 11 | G13: =MIN(x1Data)+(MAX(x1Data)-MIN(x1Data))*(F13/100) -> 880 | H13: =IF($D$1=1,$C$11+$B$11*G13, IF($D$1=2,$B$11*G13^#REF!,IF($D$1=3,$D$11+$C$11*G13+$B$11*(G13)^2,IF($D$1=4,$E$11+$D$11*G13+$C$11*(G13)^2+$B$11*(G13)^3,IF($D$1=5,EXP($C$11)*G13^($B$11),IF($D$1=6,EXP($C$11+G13*$B$11), NA())))))) -> #N/A | J13: =IFERROR(MIN(DA_x1data,DA_x2data)+(MAX(DA_x1data,DA_x2data)-MIN(DA_x1data,DA_x2data))*(F13/100), MIN(DA_x1data)+(MAX(DA_x1data)-MIN(DA_x1data))*(F13/100)) -> #N/A | K13: =IF($D$32=1,$B$48*J13+$C$48,IF($D$32=2,$B$48*J13^2+$C$48*J13+$D$48,IF($D$32=3,$B$48*J13^3+$C$48*J13^2+$D$48*J13+$E$48,IF($D$32=4,$B$48*J13^'Double Analysis'!$G$13,IF($D$32=5,EXP($C$48)*J13^$B$48,IF($D$32=6,EXP($C$48+J13*$B$48),NA())))))) -> #N/A | L13: =IF($D$32=1,$B$54*J13+$C$54,IF($D$32=2,$B$54*J13^2+$C$54*J13+$D$54,IF($D$32=3,$B$54*J13^3+$C$54*J13^2+$D$54*J13+$E$54,IF($D$32=4,$B$54*J13^'Double Analysis'!$G$13,IF($D$32=5,EXP($C$54)*J13^$B$54,IF($D$32=6,EXP($C$54+J13*$B$54),NA())))))) -> #N/A | N13: =IFERROR(SMALL($R$2:$R$102, ROW()-1),NA()) -> 5000 | O13: =IF(ISNUMBER(N13),INDEX(y1Data,MATCH(N13,$R$2:$R$102,0)),NA()) -> 18.72 | P13: =IF($D$1=7,O13,NA()) -> #N/A | Q13: 5000 | R13: =IF(Q13<>"",Q13+(0.0000000000001)*(COUNTIF($Q13:Q$102,Q13)-1),"") -> 5000 | Y13: =IF(ISNUMBER(T13),T13," ") | Z13: =IFERROR(SMALL($Y$2:$Y$102,ROW()-1),NA()) -> #N/A | AA13: {=IF(ISNUMBER(Z13),INDEX(DA_y1data,MATCH(Z13,$Y$2:$Y$102,0)),NA())} -> #N/A | AB13: =IF($D$32=7,AA13,NA()) -> #N/A | AC13: =IF(ISNUMBER(V13),V13," ") | AD13: =IFERROR(SMALL($AC$2:$AC$102,ROW()-1),NA()) -> #N/A | AE13: {=IF(ISNUMBER(AD13),INDEX(DA_y2data,MATCH(AD13,$AC$2:$AC$102,0)),NA())} -> #N/A | AF13: =IF($D$32=7,AE13,NA()) -> #N/A | AK13: =MIN('Manual Fitting'!$A$3:$A$32)+(MAX('Manual Fitting'!$A$3:$A$32)-MIN('Manual Fitting'!$A$3:$A$17))*(Guts!F13/100) -> 0 | AL13: =IF($AI$1=1,IF(AND(ISNUMBER($AH$15),ISNUMBER($AH$16)),$AH$15+AK13*$AH$16,NA()),IF($AI$1=2,IF(AND(ISNUMBER($AH$15),ISNUMBER($AH$16),ISNUMBER($AH$17)),$AH$15/(1+((AK13-$AH$16)/$AH$17)^2),NA()),IF($AI$1=3,IF(AND(ISNUMBER($AH$15),ISNUMBER($AH$16),ISNUMBER($AH$17)),$AH$15*EXP((-1)*((AK13-$AH$16)/$AH$17)^2),NA()), IF($AI$1=4,IF(AND(ISNUMBER($AH$15),ISNUMBER($AH$16),ISNUMBER($AH$17),ISNUMBER($AH$18)),$AH$15*SIN((AK13*$AH$16)-$AH$17)+$AH$18,NA()),NA())))) -> 0 | AP13: =IF($AI$1=1,IF(AND(ISNUMBER($AH$15),ISNUMBER($AH$16)),$AH$15+AN13*$AH$16,NA()),IF($AI$1=2,IF(AND(ISNUMBER($AH$15),ISNUMBER($AH$16),ISNUMBER($AH$17)),$AH$15/(1+((AN13-$AH$16)/$AH$17)^2),NA()), IF($AI$1=3,IF(AND(ISNUMBER($AH$15),ISNUMBER($AH$16),ISNUMBER($AH$17)),$AH$15*EXP(-(((AN13-$AH$16)/$AH$17)^2)),NA()),IF($AI$1=4,IF(AND(ISNUMBER($AH$15),ISNUMBER($AH$16),ISNUMBER($AH$17),ISNUMBER($AH$18)),$AH$15*SIN($AH$16*AN13-$AH$17)+$AH$18,NA()),NA())))) -> 0 | AQ13: =(AP13-AO13)^2 -> 0 | AR13: =(AO13-$AO$104)^2 -> #N/A
F14: 12 | G14: =MIN(x1Data)+(MAX(x1Data)-MIN(x1Data))*(F14/100) -> 960 | H14: =IF($D$1=1,$C$11+$B$11*G14, IF($D$1=2,$B$11*G14^#REF!,IF($D$1=3,$D$11+$C$11*G14+$B$11*(G14)^2,IF($D$1=4,$E$11+$D$11*G14+$C$11*(G14)^2+$B$11*(G14)^3,IF($D$1=5,EXP($C$11)*G14^($B$11),IF($D$1=6,EXP($C$11+G14*$B$11), NA())))))) -> #N/A | J14: =IFERROR(MIN(DA_x1data,DA_x2data)+(MAX(DA_x1data,DA_x2data)-MIN(DA_x1data,DA_x2data))*(F14/100), MIN(DA_x1data)+(MAX(DA_x1data)-MIN(DA_x1data))*(F14/100)) -> #N/A | K14: =IF($D$32=1,$B$48*J14+$C$48,IF($D$32=2,$B$48*J14^2+$C$48*J14+$D$48,IF($D$32=3,$B$48*J14^3+$C$48*J14^2+$D$48*J14+$E$48,IF($D$32=4,$B$48*J14^'Double Analysis'!$G$13,IF($D$32=5,EXP($C$48)*J14^$B$48,IF($D$32=6,EXP($C$48+J14*$B$48),NA())))))) -> #N/A | L14: =IF($D$32=1,$B$54*J14+$C$54,IF($D$32=2,$B$54*J14^2+$C$54*J14+$D$54,IF($D$32=3,$B$54*J14^3+$C$54*J14^2+$D$54*J14+$E$54,IF($D$32=4,$B$54*J14^'Double Analysis'!$G$13,IF($D$32=5,EXP($C$54)*J14^$B$54,IF($D$32=6,EXP($C$54+J14*$B$54),NA())))))) -> #N/A | N14: =IFERROR(SMALL($R$2:$R$102, ROW()-1),NA()) -> 6000 | O14: =IF(ISNUMBER(N14),INDEX(y1Data,MATCH(N14,$R$2:$R$102,0)),NA()) -> 22.36 | P14: =IF($D$1=7,O14,NA()) -> #N/A | Q14: 4000 | R14: =IF(Q14<>"",Q14+(0.0000000000001)*(COUNTIF($Q14:Q$102,Q14)-1),"") -> 4000 | Y14: =IF(ISNUMBER(T14),T14," ") | Z14: =IFERROR(SMALL($Y$2:$Y$102,ROW()-1),NA()) -> #N/A | AA14: {=IF(ISNUMBER(Z14),INDEX(DA_y1data,MATCH(Z14,$Y$2:$Y$102,0)),NA())} -> #N/A | AB14: =IF($D$32=7,AA14,NA()) -> #N/A | AC14: =IF(ISNUMBER(V14),V14," ") | AD14: =IFERROR(SMALL($AC$2:$AC$102,ROW()-1),NA()) -> #N/A | AE14: {=IF(ISNUMBER(AD14),INDEX(DA_y2data,MATCH(AD14,$AC$2:$AC$102,0)),NA())} -> #N/A | AF14: =IF($D$32=7,AE14,NA()) -> #N/A | AH14: guessed | AI14: solved | AK14: =MIN('Manual Fitting'!$A$3:$A$32)+(MAX('Manual Fitting'!$A$3:$A$32)-MIN('Manual Fitting'!$A$3:$A$17))*(Guts!F14/100) -> 0 | AL14: =IF($AI$1=1,IF(AND(ISNUMBER($AH$15),ISNUMBER($AH$16)),$AH$15+AK14*$AH$16,NA()),IF($AI$1=2,IF(AND(ISNUMBER($AH$15),ISNUMBER($AH$16),ISNUMBER($AH$17)),$AH$15/(1+((AK14-$AH$16)/$AH$17)^2),NA()),IF($AI$1=3,IF(AND(ISNUMBER($AH$15),ISNUMBER($AH$16),ISNUMBER($AH$17)),$AH$15*EXP((-1)*((AK14-$AH$16)/$AH$17)^2),NA()), IF($AI$1=4,IF(AND(ISNUMBER($AH$15),ISNUMBER($AH$16),ISNUMBER($AH$17),ISNUMBER($AH$18)),$AH$15*SIN((AK14*$AH$16)-$AH$17)+$AH$18,NA()),NA())))) -> 0 | AP14: =IF($AI$1=1,IF(AND(ISNUMBER($AH$15),ISNUMBER($AH$16)),$AH$15+AN14*$AH$16,NA()),IF($AI$1=2,IF(AND(ISNUMBER($AH$15),ISNUMBER($AH$16),ISNUMBER($AH$17)),$AH$15/(1+((AN14-$AH$16)/$AH$17)^2),NA()), IF($AI$1=3,IF(AND(ISNUMBER($AH$15),ISNUMBER($AH$16),ISNUMBER($AH$17)),$AH$15*EXP(-(((AN14-$AH$16)/$AH$17)^2)),NA()),IF($AI$1=4,IF(AND(ISNUMBER($AH$15),ISNUMBER($AH$16),ISNUMBER($AH$17),ISNUMBER($AH$18)),$AH$15*SIN($AH$16*AN14-$AH$17)+$AH$18,NA()),NA())))) -> 0 | AQ14: =(AP14-AO14)^2 -> 0 | AR14: =(AO14-$AO$104)^2 -> #N/A
F15: 13 | G15: =MIN(x1Data)+(MAX(x1Data)-MIN(x1Data))*(F15/100) -> 1040 | H15: =IF($D$1=1,$C$11+$B$11*G15, IF($D$1=2,$B$11*G15^#REF!,IF($D$1=3,$D$11+$C$11*G15+$B$11*(G15)^2,IF($D$1=4,$E$11+$D$11*G15+$C$11*(G15)^2+$B$11*(G15)^3,IF($D$1=5,EXP($C$11)*G15^($B$11),IF($D$1=6,EXP($C$11+G15*$B$11), NA())))))) -> #N/A | J15: =IFERROR(MIN(DA_x1data,DA_x2data)+(MAX(DA_x1data,DA_x2data)-MIN(DA_x1data,DA_x2data))*(F15/100), MIN(DA_x1data)+(MAX(DA_x1data)-MIN(DA_x1data))*(F15/100)) -> #N/A | K15: =IF($D$32=1,$B$48*J15+$C$48,IF($D$32=2,$B$48*J15^2+$C$48*J15+$D$48,IF($D$32=3,$B$48*J15^3+$C$48*J15^2+$D$48*J15+$E$48,IF($D$32=4,$B$48*J15^'Double Analysis'!$G$13,IF($D$32=5,EXP($C$48)*J15^$B$48,IF($D$32=6,EXP($C$48+J15*$B$48),NA())))))) -> #N/A | L15: =IF($D$32=1,$B$54*J15+$C$54,IF($D$32=2,$B$54*J15^2+$C$54*J15+$D$54,IF($D$32=3,$B$54*J15^3+$C$54*J15^2+$D$54*J15+$E$54,IF($D$32=4,$B$54*J15^'Double Analysis'!$G$13,IF($D$32=5,EXP($C$54)*J15^$B$54,IF($D$32=6,EXP($C$54+J15*$B$54),NA())))))) -> #N/A | N15: =IFERROR(SMALL($R$2:$R$102, ROW()-1),NA()) -> 6000 | O15: =IF(ISNUMBER(N15),INDEX(y1Data,MATCH(N15,$R$2:$R$102,0)),NA()) -> 22.36 | P15: =IF($D$1=7,O15,NA()) -> #N/A | Q15: 3000 | R15: =IF(Q15<>"",Q15+(0.0000000000001)*(COUNTIF($Q15:Q$102,Q15)-1),"") -> 3000 | Y15: =IF(ISNUMBER(T15),T15," ") | Z15: =IFERROR(SMALL($Y$2:$Y$102,ROW()-1),NA()) -> #N/A | AA15: {=IF(ISNUMBER(Z15),INDEX(DA_y1data,MATCH(Z15,$Y$2:$Y$102,0)),NA())} -> #N/A | AB15: =IF($D$32=7,AA15,NA()) -> #N/A | AC15: =IF(ISNUMBER(V15),V15," ") | AD15: =IFERROR(SMALL($AC$2:$AC$102,ROW()-1),NA()) -> #N/A | AE15: {=IF(ISNUMBER(AD15),INDEX(DA_y2data,MATCH(AD15,$AC$2:$AC$102,0)),NA())} -> #N/A | AF15: =IF($D$32=7,AE15,NA()) -> #N/A | AH15: =IF(ISNUMBER('Manual Fitting'!H28),'Manual Fitting'!H28,NA()) -> 0 | AI15: 6264.7982 | AK15: =MIN('Manual Fitting'!$A$3:$A$32)+(MAX('Manual Fitting'!$A$3:$A$32)-MIN('Manual Fitting'!$A$3:$A$17))*(Guts!F15/100) -> 0 | AL15: =IF($AI$1=1,IF(AND(ISNUMBER($AH$15),ISNUMBER($AH$16)),$AH$15+AK15*$AH$16,NA()),IF($AI$1=2,IF(AND(ISNUMBER($AH$15),ISNUMBER($AH$16),ISNUMBER($AH$17)),$AH$15/(1+((AK15-$AH$16)/$AH$17)^2),NA()),IF($AI$1=3,IF(AND(ISNUMBER($AH$15),ISNUMBER($AH$16),ISNUMBER($AH$17)),$AH$15*EXP((-1)*((AK15-$AH$16)/$AH$17)^2),NA()), IF($AI$1=4,IF(AND(ISNUMBER($AH$15),ISNUMBER($AH$16),ISNUMBER($AH$17),ISNUMBER($AH$18)),$AH$15*SIN((AK15*$AH$16)-$AH$17)+$AH$18,NA()),NA())))) -> 0 | AP15: =IF($AI$1=1,IF(AND(ISNUMBER($AH$15),ISNUMBER($AH$16)),$AH$15+AN15*$AH$16,NA()),IF($AI$1=2,IF(AND(ISNUMBER($AH$15),ISNUMBER($AH$16),ISNUMBER($AH$17)),$AH$15/(1+((AN15-$AH$16)/$AH$17)^2),NA()), IF($AI$1=3,IF(AND(ISNUMBER($AH$15),ISNUMBER($AH$16),ISNUMBER($AH$17)),$AH$15*EXP(-(((AN15-$AH$16)/$AH$17)^2)),NA()),IF($AI$1=4,IF(AND(ISNUMBER($AH$15),ISNUMBER($AH$16),ISNUMBER($AH$17),ISNUMBER($AH$18)),$AH$15*SIN($AH$16*AN15-$AH$17)+$AH$18,NA()),NA())))) -> 0 | AQ15: =(AP15-AO15)^2 -> 0 | AR15: =(AO15-$AO$104)^2 -> #N/A
F16: 14 | G16: =MIN(x1Data)+(MAX(x1Data)-MIN(x1Data))*(F16/100) -> 1120 | H16: =IF($D$1=1,$C$11+$B$11*G16, IF($D$1=2,$B$11*G16^#REF!,IF($D$1=3,$D$11+$C$11*G16+$B$11*(G16)^2,IF($D$1=4,$E$11+$D$11*G16+$C$11*(G16)^2+$B$11*(G16)^3,IF($D$1=5,EXP($C$11)*G16^($B$11),IF($D$1=6,EXP($C$11+G16*$B$11), NA())))))) -> #N/A | J16: =IFERROR(MIN(DA_x1data,DA_x2data)+(MAX(DA_x1data,DA_x2data)-MIN(DA_x1data,DA_x2data))*(F16/100), MIN(DA_x1data)+(MAX(DA_x1data)-MIN(DA_x1data))*(F16/100)) -> #N/A | K16: =IF($D$32=1,$B$48*J16+$C$48,IF($D$32=2,$B$48*J16^2+$C$48*J16+$D$48,IF($D$32=3,$B$48*J16^3+$C$48*J16^2+$D$48*J16+$E$48,IF($D$32=4,$B$48*J16^'Double Analysis'!$G$13,IF($D$32=5,EXP($C$48)*J16^$B$48,IF($D$32=6,EXP($C$48+J16*$B$48),NA())))))) -> #N/A | L16: =IF($D$32=1,$B$54*J16+$C$54,IF($D$32=2,$B$54*J16^2+$C$54*J16+$D$54,IF($D$32=3,$B$54*J16^3+$C$54*J16^2+$D$54*J16+$E$54,IF($D$32=4,$B$54*J16^'Double Analysis'!$G$13,IF($D$32=5,EXP($C$54)*J16^$B$54,IF($D$32=6,EXP($C$54+J16*$B$54),NA())))))) -> #N/A | N16: =IFERROR(SMALL($R$2:$R$102, ROW()-1),NA()) -> 7000 | O16: =IF(ISNUMBER(N16),INDEX(y1Data,MATCH(N16,$R$2:$R$102,0)),NA()) -> 26.12 | P16: =IF($D$1=7,O16,NA()) -> #N/A | Q16: 2000 | R16: =IF(Q16<>"",Q16+(0.0000000000001)*(COUNTIF($Q16:Q$102,Q16)-1),"") -> 2000 | Y16: =IF(ISNUMBER(T16),T16," ") | Z16: =IFERROR(SMALL($Y$2:$Y$102,ROW()-1),NA()) -> #N/A | AA16: {=IF(ISNUMBER(Z16),INDEX(DA_y1data,MATCH(Z16,$Y$2:$Y$102,0)),NA())} -> #N/A | AB16: =IF($D$32=7,AA16,NA()) -> #N/A | AC16: =IF(ISNUMBER(V16),V16," ") | AD16: =IFERROR(SMALL($AC$2:$AC$102,ROW()-1),NA()) -> #N/A | AE16: {=IF(ISNUMBER(AD16),INDEX(DA_y2data,MATCH(AD16,$AC$2:$AC$102,0)),NA())} -> #N/A | AF16: =IF($D$32=7,AE16,NA()) -> #N/A | AH16: =IF(ISNUMBER('Manual Fitting'!H29),'Manual Fitting'!H29,NA()) -> 0.04 | AI16: 10.465919 | AK16: =MIN('Manual Fitting'!$A$3:$A$32)+(MAX('Manual Fitting'!$A$3:$A$32)-MIN('Manual Fitting'!$A$3:$A$17))*(Guts!F16/100) -> 0 | AL16: =IF($AI$1=1,IF(AND(ISNUMBER($AH$15),ISNUMBER($AH$16)),$AH$15+AK16*$AH$16,NA()),IF($AI$1=2,IF(AND(ISNUMBER($AH$15),ISNUMBER($AH$16),ISNUMBER($AH$17)),$AH$15/(1+((AK16-$AH$16)/$AH$17)^2),NA()),IF($AI$1=3,IF(AND(ISNUMBER($AH$15),ISNUMBER($AH$16),ISNUMBER($AH$17)),$AH$15*EXP((-1)*((AK16-$AH$16)/$AH$17)^2),NA()), IF($AI$1=4,IF(AND(ISNUMBER($AH$15),ISNUMBER($AH$16),ISNUMBER($AH$17),ISNUMBER($AH$18)),$AH$15*SIN((AK16*$AH$16)-$AH$17)+$AH$18,NA()),NA())))) -> 0 | AP16: =IF($AI$1=1,IF(AND(ISNUMBER($AH$15),ISNUMBER($AH$16)),$AH$15+AN16*$AH$16,NA()),IF($AI$1=2,IF(AND(ISNUMBER($AH$15),ISNUMBER($AH$16),ISNUMBER($AH$17)),$AH$15/(1+((AN16-$AH$16)/$AH$17)^2),NA()), IF($AI$1=3,IF(AND(ISNUMBER($AH$15),ISNUMBER($AH$16),ISNUMBER($AH$17)),$AH$15*EXP(-(((AN16-$AH$16)/$AH$17)^2)),NA()),IF($AI$1=4,IF(AND(ISNUMBER($AH$15),ISNUMBER($AH$16),ISNUMBER($AH$17),ISNUMBER($AH$18)),$AH$15*SIN($AH$16*AN16-$AH$17)+$AH$18,NA()),NA())))) -> 0 | AQ16: =(AP16-AO16)^2 -> 0 | AR16: =(AO16-$AO$104)^2 -> #N/A
F17: 15 | G17: =MIN(x1Data)+(MAX(x1Data)-MIN(x1Data))*(F17/100) -> 1200 | H17: =IF($D$1=1,$C$11+$B$11*G17, IF($D$1=2,$B$11*G17^#REF!,IF($D$1=3,$D$11+$C$11*G17+$B$11*(G17)^2,IF($D$1=4,$E$11+$D$11*G17+$C$11*(G17)^2+$B$11*(G17)^3,IF($D$1=5,EXP($C$11)*G17^($B$11),IF($D$1=6,EXP($C$11+G17*$B$11), NA())))))) -> #N/A | J17: =IFERROR(MIN(DA_x1data,DA_x2data)+(MAX(DA_x1data,DA_x2data)-MIN(DA_x1data,DA_x2data))*(F17/100), MIN(DA_x1data)+(MAX(DA_x1data)-MIN(DA_x1data))*(F17/100)) -> #N/A | K17: =IF($D$32=1,$B$48*J17+$C$48,IF($D$32=2,$B$48*J17^2+$C$48*J17+$D$48,IF($D$32=3,$B$48*J17^3+$C$48*J17^2+$D$48*J17+$E$48,IF($D$32=4,$B$48*J17^'Double Analysis'!$G$13,IF($D$32=5,EXP($C$48)*J17^$B$48,IF($D$32=6,EXP($C$48+J17*$B$48),NA())))))) -> #N/A | L17: =IF($D$32=1,$B$54*J17+$C$54,IF($D$32=2,$B$54*J17^2+$C$54*J17+$D$54,IF($D$32=3,$B$54*J17^3+$C$54*J17^2+$D$54*J17+$E$54,IF($D$32=4,$B$54*J17^'Double Analysis'!$G$13,IF($D$32=5,EXP($C$54)*J17^$B$54,IF($D$32=6,EXP($C$54+J17*$B$54),NA())))))) -> #N/A | N17: =IFERROR(SMALL($R$2:$R$102, ROW()-1),NA()) -> 7000 | O17: =IF(ISNUMBER(N17),INDEX(y1Data,MATCH(N17,$R$2:$R$102,0)),NA()) -> 26.12 | P17: =IF($D$1=7,O17,NA()) -> #N/A | Q17: 1000 | R17: =IF(Q17<>"",Q17+(0.0000000000001)*(COUNTIF($Q17:Q$102,Q17)-1),"") -> 1000 | Y17: =IF(ISNUMBER(T17),T17," ") | Z17: =IFERROR(SMALL($Y$2:$Y$102,ROW()-1),NA()) -> #N/A | AA17: {=IF(ISNUMBER(Z17),INDEX(DA_y1data,MATCH(Z17,$Y$2:$Y$102,0)),NA())} -> #N/A | AB17: =IF($D$32=7,AA17,NA()) -> #N/A | AC17: =IF(ISNUMBER(V17),V17," ") | AD17: =IFERROR(SMALL($AC$2:$AC$102,ROW()-1),NA()) -> #N/A | AE17: {=IF(ISNUMBER(AD17),INDEX(DA_y2data,MATCH(AD17,$AC$2:$AC$102,0)),NA())} -> #N/A | AF17: =IF($D$32=7,AE17,NA()) -> #N/A | AH17: =IF(ISNUMBER('Manual Fitting'!H30),'Manual Fitting'!H30,NA()) -> #N/A | AI17: 0.38202464 | AK17: =MIN('Manual Fitting'!$A$3:$A$32)+(MAX('Manual Fitting'!$A$3:$A$32)-MIN('Manual Fitting'!$A$3:$A$17))*(Guts!F17/100) -> 0 | AL17: =IF($AI$1=1,IF(AND(ISNUMBER($AH$15),ISNUMBER($AH$16)),$AH$15+AK17*$AH$16,NA()),IF($AI$1=2,IF(AND(ISNUMBER($AH$15),ISNUMBER($AH$16),ISNUMBER($AH$17)),$AH$15/(1+((AK17-$AH$16)/$AH$17)^2),NA()),IF($AI$1=3,IF(AND(ISNUMBER($AH$15),ISNUMBER($AH$16),ISNUMBER($AH$17)),$AH$15*EXP((-1)*((AK17-$AH$16)/$AH$17)^2),NA()), IF($AI$1=4,IF(AND(ISNUMBER($AH$15),ISNUMBER($AH$16),ISNUMBER($AH$17),ISNUMBER($AH$18)),$AH$15*SIN((AK17*$AH$16)-$AH$17)+$AH$18,NA()),NA())))) -> 0 | AP17: =IF($AI$1=1,IF(AND(ISNUMBER($AH$15),ISNUMBER($AH$16)),$AH$15+AN17*$AH$16,NA()),IF($AI$1=2,IF(AND(ISNUMBER($AH$15),ISNUMBER($AH$16),ISNUMBER($AH$17)),$AH$15/(1+((AN17-$AH$16)/$AH$17)^2),NA()), IF($AI$1=3,IF(AND(ISNUMBER($AH$15),ISNUMBER($AH$16),ISNUMBER($AH$17)),$AH$15*EXP(-(((AN17-$AH$16)/$AH$17)^2)),NA()),IF($AI$1=4,IF(AND(ISNUMBER($AH$15),ISNUMBER($AH$16),ISNUMBER($AH$17),ISNUMBER($AH$18)),$AH$15*SIN($AH$16*AN17-$AH$17)+$AH$18,NA()),NA())))) -> 0 | AQ17: =(AP17-AO17)^2 -> 0 | AR17: =(AO17-$AO$104)^2 -> #N/A
F18: 16 | G18: =MIN(x1Data)+(MAX(x1Data)-MIN(x1Data))*(F18/100) -> 1280 | H18: =IF($D$1=1,$C$11+$B$11*G18, IF($D$1=2,$B$11*G18^#REF!,IF($D$1=3,$D$11+$C$11*G18+$B$11*(G18)^2,IF($D$1=4,$E$11+$D$11*G18+$C$11*(G18)^2+$B$11*(G18)^3,IF($D$1=5,EXP($C$11)*G18^($B$11),IF($D$1=6,EXP($C$11+G18*$B$11), NA())))))) -> #N/A | J18: =IFERROR(MIN(DA_x1data,DA_x2data)+(MAX(DA_x1data,DA_x2data)-MIN(DA_x1data,DA_x2data))*(F18/100), MIN(DA_x1data)+(MAX(DA_x1data)-MIN(DA_x1data))*(F18/100)) -> #N/A | K18: =IF($D$32=1,$B$48*J18+$C$48,IF($D$32=2,$B$48*J18^2+$C$48*J18+$D$48,IF($D$32=3,$B$48*J18^3+$C$48*J18^2+$D$48*J18+$E$48,IF($D$32=4,$B$48*J18^'Double Analysis'!$G$13,IF($D$32=5,EXP($C$48)*J18^$B$48,IF($D$32=6,EXP($C$48+J18*$B$48),NA())))))) -> #N/A | L18: =IF($D$32=1,$B$54*J18+$C$54,IF($D$32=2,$B$54*J18^2+$C$54*J18+$D$54,IF($D$32=3,$B$54*J18^3+$C$54*J18^2+$D$54*J18+$E$54,IF($D$32=4,$B$54*J18^'Double Analysis'!$G$13,IF($D$32=5,EXP($C$54)*J18^$B$54,IF($D$32=6,EXP($C$54+J18*$B$54),NA())))))) -> #N/A | N18: =IFERROR(SMALL($R$2:$R$102, ROW()-1),NA()) -> 8000 | O18: =IF(ISNUMBER(N18),INDEX(y1Data,MATCH(N18,$R$2:$R$102,0)),NA()) -> 30.01 | P18: =IF($D$1=7,O18,NA()) -> #N/A | Q18: 0 | R18: =IF(Q18<>"",Q18+(0.0000000000001)*(COUNTIF($Q18:Q$102,Q18)-1),"") -> 0 | Y18: =IF(ISNUMBER(T18),T18," ") | Z18: =IFERROR(SMALL($Y$2:$Y$102,ROW()-1),NA()) -> #N/A | AA18: {=IF(ISNUMBER(Z18),INDEX(DA_y1data,MATCH(Z18,$Y$2:$Y$102,0)),NA())} -> #N/A | AB18: =IF($D$32=7,AA18,NA()) -> #N/A | AC18: =IF(ISNUMBER(V18),V18," ") | AD18: =IFERROR(SMALL($AC$2:$AC$102,ROW()-1),NA()) -> #N/A | AE18: {=IF(ISNUMBER(AD18),INDEX(DA_y2data,MATCH(AD18,$AC$2:$AC$102,0)),NA())} -> #N/A | AF18: =IF($D$32=7,AE18,NA()) -> #N/A | AH18: =IF(ISNUMBER('Manual Fitting'!H31),'Manual Fitting'!H31,NA()) -> #N/A | AI18: =AH18 -> #N/A | AK18: =MIN('Manual Fitting'!$A$3:$A$32)+(MAX('Manual Fitting'!$A$3:$A$32)-MIN('Manual Fitting'!$A$3:$A$17))*(Guts!F18/100) -> 0 | AL18: =IF($AI$1=1,IF(AND(ISNUMBER($AH$15),ISNUMBER($AH$16)),$AH$15+AK18*$AH$16,NA()),IF($AI$1=2,IF(AND(ISNUMBER($AH$15),ISNUMBER($AH$16),ISNUMBER($AH$17)),$AH$15/(1+((AK18-$AH$16)/$AH$17)^2),NA()),IF($AI$1=3,IF(AND(ISNUMBER($AH$15),ISNUMBER($AH$16),ISNUMBER($AH$17)),$AH$15*EXP((-1)*((AK18-$AH$16)/$AH$17)^2),NA()), IF($AI$1=4,IF(AND(ISNUMBER($AH$15),ISNUMBER($AH$16),ISNUMBER($AH$17),ISNUMBER($AH$18)),$AH$15*SIN((AK18*$AH$16)-$AH$17)+$AH$18,NA()),NA())))) -> 0 | AP18: =IF($AI$1=1,IF(AND(ISNUMBER($AH$15),ISNUMBER($AH$16)),$AH$15+AN18*$AH$16,NA()),IF($AI$1=2,IF(AND(ISNUMBER($AH$15),ISNUMBER($AH$16),ISNUMBER($AH$17)),$AH$15/(1+((AN18-$AH$16)/$AH$17)^2),NA()), IF($AI$1=3,IF(AND(ISNUMBER($AH$15),ISNUMBER($AH$16),ISNUMBER($AH$17)),$AH$15*EXP(-(((AN18-$AH$16)/$AH$17)^2)),NA()),IF($AI$1=4,IF(AND(ISNUMBER($AH$15),ISNUMBER($AH$16),ISNUMBER($AH$17),ISNUMBER($AH$18)),$AH$15*SIN($AH$16*AN18-$AH$17)+$AH$18,NA()),NA())))) -> 0 | AQ18: =(AP18-AO18)^2 -> 0 | AR18: =(AO18-$AO$104)^2 -> #N/A
F19: 17 | G19: =MIN(x1Data)+(MAX(x1Data)-MIN(x1Data))*(F19/100) -> 1360 | H19: =IF($D$1=1,$C$11+$B$11*G19, IF($D$1=2,$B$11*G19^#REF!,IF($D$1=3,$D$11+$C$11*G19+$B$11*(G19)^2,IF($D$1=4,$E$11+$D$11*G19+$C$11*(G19)^2+$B$11*(G19)^3,IF($D$1=5,EXP($C$11)*G19^($B$11),IF($D$1=6,EXP($C$11+G19*$B$11), NA())))))) -> #N/A | J19: =IFERROR(MIN(DA_x1data,DA_x2data)+(MAX(DA_x1data,DA_x2data)-MIN(DA_x1data,DA_x2data))*(F19/100), MIN(DA_x1data)+(MAX(DA_x1data)-MIN(DA_x1data))*(F19/100)) -> #N/A | K19: =IF($D$32=1,$B$48*J19+$C$48,IF($D$32=2,$B$48*J19^2+$C$48*J19+$D$48,IF($D$32=3,$B$48*J19^3+$C$48*J19^2+$D$48*J19+$E$48,IF($D$32=4,$B$48*J19^'Double Analysis'!$G$13,IF($D$32=5,EXP($C$48)*J19^$B$48,IF($D$32=6,EXP($C$48+J19*$B$48),NA())))))) -> #N/A | L19: =IF($D$32=1,$B$54*J19+$C$54,IF($D$32=2,$B$54*J19^2+$C$54*J19+$D$54,IF($D$32=3,$B$54*J19^3+$C$54*J19^2+$D$54*J19+$E$54,IF($D$32=4,$B$54*J19^'Double Analysis'!$G$13,IF($D$32=5,EXP($C$54)*J19^$B$54,IF($D$32=6,EXP($C$54+J19*$B$54),NA())))))) -> #N/A | N19: =IFERROR(SMALL($R$2:$R$102, ROW()-1),NA()) -> #N/A | O19: =IF(ISNUMBER(N19),INDEX(y1Data,MATCH(N19,$R$2:$R$102,0)),NA()) -> #N/A | P19: =IF($D$1=7,O19,NA()) -> #N/A | R19: =IF(Q19<>"",Q19+(0.0000000000001)*(COUNTIF($Q19:Q$102,Q19)-1),"") | Y19: =IF(ISNUMBER(T19),T19," ") | Z19: =IFERROR(SMALL($Y$2:$Y$102,ROW()-1),NA()) -> #N/A | AA19: {=IF(ISNUMBER(Z19),INDEX(DA_y1data,MATCH(Z19,$Y$2:$Y$102,0)),NA())} -> #N/A | AB19: =IF($D$32=7,AA19,NA()) -> #N/A | AC19: =IF(ISNUMBER(V19),V19," ") | AD19: =IFERROR(SMALL($AC$2:$AC$102,ROW()-1),NA()) -> #N/A | AE19: {=IF(ISNUMBER(AD19),INDEX(DA_y2data,MATCH(AD19,$AC$2:$AC$102,0)),NA())} -> #N/A | AF19: =IF($D$32=7,AE19,NA()) -> #N/A | AK19: =MIN('Manual Fitting'!$A$3:$A$32)+(MAX('Manual Fitting'!$A$3:$A$32)-MIN('Manual Fitting'!$A$3:$A$17))*(Guts!F19/100) -> 0 | AL19: =IF($AI$1=1,IF(AND(ISNUMBER($AH$15),ISNUMBER($AH$16)),$AH$15+AK19*$AH$16,NA()),IF($AI$1=2,IF(AND(ISNUMBER($AH$15),ISNUMBER($AH$16),ISNUMBER($AH$17)),$AH$15/(1+((AK19-$AH$16)/$AH$17)^2),NA()),IF($AI$1=3,IF(AND(ISNUMBER($AH$15),ISNUMBER($AH$16),ISNUMBER($AH$17)),$AH$15*EXP((-1)*((AK19-$AH$16)/$AH$17)^2),NA()), IF($AI$1=4,IF(AND(ISNUMBER($AH$15),ISNUMBER($AH$16),ISNUMBER($AH$17),ISNUMBER($AH$18)),$AH$15*SIN((AK19*$AH$16)-$AH$17)+$AH$18,NA()),NA())))) -> 0 | AP19: =IF($AI$1=1,IF(AND(ISNUMBER($AH$15),ISNUMBER($AH$16)),$AH$15+AN19*$AH$16,NA()),IF($AI$1=2,IF(AND(ISNUMBER($AH$15),ISNUMBER($AH$16),ISNUMBER($AH$17)),$AH$15/(1+((AN19-$AH$16)/$AH$17)^2),NA()), IF($AI$1=3,IF(AND(ISNUMBER($AH$15),ISNUMBER($AH$16),ISNUMBER($AH$17)),$AH$15*EXP(-(((AN19-$AH$16)/$AH$17)^2)),NA()),IF($AI$1=4,IF(AND(ISNUMBER($AH$15),ISNUMBER($AH$16),ISNUMBER($AH$17),ISNUMBER($AH$18)),$AH$15*SIN($AH$16*AN19-$AH$17)+$AH$18,NA()),NA())))) -> 0 | AQ19: =(AP19-AO19)^2 -> 0 | AR19: =(AO19-$AO$104)^2 -> #N/A
F20: 18 | G20: =MIN(x1Data)+(MAX(x1Data)-MIN(x1Data))*(F20/100) -> 1440 | H20: =IF($D$1=1,$C$11+$B$11*G20, IF($D$1=2,$B$11*G20^#REF!,IF($D$1=3,$D$11+$C$11*G20+$B$11*(G20)^2,IF($D$1=4,$E$11+$D$11*G20+$C$11*(G20)^2+$B$11*(G20)^3,IF($D$1=5,EXP($C$11)*G20^($B$11),IF($D$1=6,EXP($C$11+G20*$B$11), NA())))))) -> #N/A | J20: =IFERROR(MIN(DA_x1data,DA_x2data)+(MAX(DA_x1data,DA_x2data)-MIN(DA_x1data,DA_x2data))*(F20/100), MIN(DA_x1data)+(MAX(DA_x1data)-MIN(DA_x1data))*(F20/100)) -> #N/A | K20: =IF($D$32=1,$B$48*J20+$C$48,IF($D$32=2,$B$48*J20^2+$C$48*J20+$D$48,IF($D$32=3,$B$48*J20^3+$C$48*J20^2+$D$48*J20+$E$48,IF($D$32=4,$B$48*J20^'Double Analysis'!$G$13,IF($D$32=5,EXP($C$48)*J20^$B$48,IF($D$32=6,EXP($C$48+J20*$B$48),NA())))))) -> #N/A | L20: =IF($D$32=1,$B$54*J20+$C$54,IF($D$32=2,$B$54*J20^2+$C$54*J20+$D$54,IF($D$32=3,$B$54*J20^3+$C$54*J20^2+$D$54*J20+$E$54,IF($D$32=4,$B$54*J20^'Double Analysis'!$G$13,IF($D$32=5,EXP($C$54)*J20^$B$54,IF($D$32=6,EXP($C$54+J20*$B$54),NA())))))) -> #N/A | N20: =IFERROR(SMALL($R$2:$R$102, ROW()-1),NA()) -> #N/A | O20: =IF(ISNUMBER(N20),INDEX(y1Data,MATCH(N20,$R$2:$R$102,0)),NA()) -> #N/A | P20: =IF($D$1=7,O20,NA()) -> #N/A | R20: =IF(Q20<>"",Q20+(0.0000000000001)*(COUNTIF($Q20:Q$102,Q20)-1),"") | Y20: =IF(ISNUMBER(T20),T20," ") | Z20: =IFERROR(SMALL($Y$2:$Y$102,ROW()-1),NA()) -> #N/A | AA20: {=IF(ISNUMBER(Z20),INDEX(DA_y1data,MATCH(Z20,$Y$2:$Y$102,0)),NA())} -> #N/A | AB20: =IF($D$32=7,AA20,NA()) -> #N/A | AC20: =IF(ISNUMBER(V20),V20," ") | AD20: =IFERROR(SMALL($AC$2:$AC$102,ROW()-1),NA()) -> #N/A | AE20: {=IF(ISNUMBER(AD20),INDEX(DA_y2data,MATCH(AD20,$AC$2:$AC$102,0)),NA())} -> #N/A | AF20: =IF($D$32=7,AE20,NA()) -> #N/A | AK20: =MIN('Manual Fitting'!$A$3:$A$32)+(MAX('Manual Fitting'!$A$3:$A$32)-MIN('Manual Fitting'!$A$3:$A$17))*(Guts!F20/100) -> 0 | AL20: =IF($AI$1=1,IF(AND(ISNUMBER($AH$15),ISNUMBER($AH$16)),$AH$15+AK20*$AH$16,NA()),IF($AI$1=2,IF(AND(ISNUMBER($AH$15),ISNUMBER($AH$16),ISNUMBER($AH$17)),$AH$15/(1+((AK20-$AH$16)/$AH$17)^2),NA()),IF($AI$1=3,IF(AND(ISNUMBER($AH$15),ISNUMBER($AH$16),ISNUMBER($AH$17)),$AH$15*EXP((-1)*((AK20-$AH$16)/$AH$17)^2),NA()), IF($AI$1=4,IF(AND(ISNUMBER($AH$15),ISNUMBER($AH$16),ISNUMBER($AH$17),ISNUMBER($AH$18)),$AH$15*SIN((AK20*$AH$16)-$AH$17)+$AH$18,NA()),NA())))) -> 0 | AP20: =IF($AI$1=1,IF(AND(ISNUMBER($AH$15),ISNUMBER($AH$16)),$AH$15+AN20*$AH$16,NA()),IF($AI$1=2,IF(AND(ISNUMBER($AH$15),ISNUMBER($AH$16),ISNUMBER($AH$17)),$AH$15/(1+((AN20-$AH$16)/$AH$17)^2),NA()), IF($AI$1=3,IF(AND(ISNUMBER($AH$15),ISNUMBER($AH$16),ISNUMBER($AH$17)),$AH$15*EXP(-(((AN20-$AH$16)/$AH$17)^2)),NA()),IF($AI$1=4,IF(AND(ISNUMBER($AH$15),ISNUMBER($AH$16),ISNUMBER($AH$17),ISNUMBER($AH$18)),$AH$15*SIN($AH$16*AN20-$AH$17)+$AH$18,NA()),NA())))) -> 0 | AQ20: =(AP20-AO20)^2 -> 0 | AR20: =(AO20-$AO$104)^2 -> #N/A
C21: Fits available | F21: 19 | G21: =MIN(x1Data)+(MAX(x1Data)-MIN(x1Data))*(F21/100) -> 1520 | H21: =IF($D$1=1,$C$11+$B$11*G21, IF($D$1=2,$B$11*G21^#REF!,IF($D$1=3,$D$11+$C$11*G21+$B$11*(G21)^2,IF($D$1=4,$E$11+$D$11*G21+$C$11*(G21)^2+$B$11*(G21)^3,IF($D$1=5,EXP($C$11)*G21^($B$11),IF($D$1=6,EXP($C$11+G21*$B$11), NA())))))) -> #N/A | J21: =IFERROR(MIN(DA_x1data,DA_x2data)+(MAX(DA_x1data,DA_x2data)-MIN(DA_x1data,DA_x2data))*(F21/100), MIN(DA_x1data)+(MAX(DA_x1data)-MIN(DA_x1data))*(F21/100)) -> #N/A | K21: =IF($D$32=1,$B$48*J21+$C$48,IF($D$32=2,$B$48*J21^2+$C$48*J21+$D$48,IF($D$32=3,$B$48*J21^3+$C$48*J21^2+$D$48*J21+$E$48,IF($D$32=4,$B$48*J21^'Double Analysis'!$G$13,IF($D$32=5,EXP($C$48)*J21^$B$48,IF($D$32=6,EXP($C$48+J21*$B$48),NA())))))) -> #N/A | L21: =IF($D$32=1,$B$54*J21+$C$54,IF($D$32=2,$B$54*J21^2+$C$54*J21+$D$54,IF($D$32=3,$B$54*J21^3+$C$54*J21^2+$D$54*J21+$E$54,IF($D$32=4,$B$54*J21^'Double Analysis'!$G$13,IF($D$32=5,EXP($C$54)*J21^$B$54,IF($D$32=6,EXP($C$54+J21*$B$54),NA())))))) -> #N/A | N21: =IFERROR(SMALL($R$2:$R$102, ROW()-1),NA()) -> #N/A | O21: =IF(ISNUMBER(N21),INDEX(y1Data,MATCH(N21,$R$2:$R$102,0)),NA()) -> #N/A | P21: =IF($D$1=7,O21,NA()) -> #N/A | R21: =IF(Q21<>"",Q21+(0.0000000000001)*(COUNTIF($Q21:Q$102,Q21)-1),"") | Y21: =IF(ISNUMBER(T21),T21," ") | Z21: =IFERROR(SMALL($Y$2:$Y$102,ROW()-1),NA()) -> #N/A | AA21: {=IF(ISNUMBER(Z21),INDEX(DA_y1data,MATCH(Z21,$Y$2:$Y$102,0)),NA())} -> #N/A | AB21: =IF($D$32=7,AA21,NA()) -> #N/A | AC21: =IF(ISNUMBER(V21),V21," ") | AD21: =IFERROR(SMALL($AC$2:$AC$102,ROW()-1),NA()) -> #N/A | AE21: {=IF(ISNUMBER(AD21),INDEX(DA_y2data,MATCH(AD21,$AC$2:$AC$102,0)),NA())} -> #N/A | AF21: =IF($D$32=7,AE21,NA()) -> #N/A | AK21: =MIN('Manual Fitting'!$A$3:$A$32)+(MAX('Manual Fitting'!$A$3:$A$32)-MIN('Manual Fitting'!$A$3:$A$17))*(Guts!F21/100) -> 0 | AL21: =IF($AI$1=1,IF(AND(ISNUMBER($AH$15),ISNUMBER($AH$16)),$AH$15+AK21*$AH$16,NA()),IF($AI$1=2,IF(AND(ISNUMBER($AH$15),ISNUMBER($AH$16),ISNUMBER($AH$17)),$AH$15/(1+((AK21-$AH$16)/$AH$17)^2),NA()),IF($AI$1=3,IF(AND(ISNUMBER($AH$15),ISNUMBER($AH$16),ISNUMBER($AH$17)),$AH$15*EXP((-1)*((AK21-$AH$16)/$AH$17)^2),NA()), IF($AI$1=4,IF(AND(ISNUMBER($AH$15),ISNUMBER($AH$16),ISNUMBER($AH$17),ISNUMBER($AH$18)),$AH$15*SIN((AK21*$AH$16)-$AH$17)+$AH$18,NA()),NA())))) -> 0 | AP21: =IF($AI$1=1,IF(AND(ISNUMBER($AH$15),ISNUMBER($AH$16)),$AH$15+AN21*$AH$16,NA()),IF($AI$1=2,IF(AND(ISNUMBER($AH$15),ISNUMBER($AH$16),ISNUMBER($AH$17)),$AH$15/(1+((AN21-$AH$16)/$AH$17)^2),NA()), IF($AI$1=3,IF(AND(ISNUMBER($AH$15),ISNUMBER($AH$16),ISNUMBER($AH$17)),$AH$15*EXP(-(((AN21-$AH$16)/$AH$17)^2)),NA()),IF($AI$1=4,IF(AND(ISNUMBER($AH$15),ISNUMBER($AH$16),ISNUMBER($AH$17),ISNUMBER($AH$18)),$AH$15*SIN($AH$16*AN21-$AH$17)+$AH$18,NA()),NA())))) -> 0 | AQ21: =(AP21-AO21)^2 -> 0 | AR21: =(AO21-$AO$104)^2 -> #N/A
B22: 1 | C22: y=A+Bx | F22: 20 | G22: =MIN(x1Data)+(MAX(x1Data)-MIN(x1Data))*(F22/100) -> 1600 | H22: =IF($D$1=1,$C$11+$B$11*G22, IF($D$1=2,$B$11*G22^#REF!,IF($D$1=3,$D$11+$C$11*G22+$B$11*(G22)^2,IF($D$1=4,$E$11+$D$11*G22+$C$11*(G22)^2+$B$11*(G22)^3,IF($D$1=5,EXP($C$11)*G22^($B$11),IF($D$1=6,EXP($C$11+G22*$B$11), NA())))))) -> #N/A | J22: =IFERROR(MIN(DA_x1data,DA_x2data)+(MAX(DA_x1data,DA_x2data)-MIN(DA_x1data,DA_x2data))*(F22/100), MIN(DA_x1data)+(MAX(DA_x1data)-MIN(DA_x1data))*(F22/100)) -> #N/A | K22: =IF($D$32=1,$B$48*J22+$C$48,IF($D$32=2,$B$48*J22^2+$C$48*J22+$D$48,IF($D$32=3,$B$48*J22^3+$C$48*J22^2+$D$48*J22+$E$48,IF($D$32=4,$B$48*J22^'Double Analysis'!$G$13,IF($D$32=5,EXP($C$48)*J22^$B$48,IF($D$32=6,EXP($C$48+J22*$B$48),NA())))))) -> #N/A | L22: =IF($D$32=1,$B$54*J22+$C$54,IF($D$32=2,$B$54*J22^2+$C$54*J22+$D$54,IF($D$32=3,$B$54*J22^3+$C$54*J22^2+$D$54*J22+$E$54,IF($D$32=4,$B$54*J22^'Double Analysis'!$G$13,IF($D$32=5,EXP($C$54)*J22^$B$54,IF($D$32=6,EXP($C$54+J22*$B$54),NA())))))) -> #N/A | N22: =IFERROR(SMALL($R$2:$R$102, ROW()-1),NA()) -> #N/A | O22: =IF(ISNUMBER(N22),INDEX(y1Data,MATCH(N22,$R$2:$R$102,0)),NA()) -> #N/A | P22: =IF($D$1=7,O22,NA()) -> #N/A | R22: =IF(Q22<>"",Q22+(0.0000000000001)*(COUNTIF($Q22:Q$102,Q22)-1),"") | Y22: =IF(ISNUMBER(T22),T22," ") | Z22: =IFERROR(SMALL($Y$2:$Y$102,ROW()-1),NA()) -> #N/A | AA22: {=IF(ISNUMBER(Z22),INDEX(DA_y1data,MATCH(Z22,$Y$2:$Y$102,0)),NA())} -> #N/A | AB22: =IF($D$32=7,AA22,NA()) -> #N/A | AC22: =IF(ISNUMBER(V22),V22," ") | AD22: =IFERROR(SMALL($AC$2:$AC$102,ROW()-1),NA()) -> #N/A | AE22: {=IF(ISNUMBER(AD22),INDEX(DA_y2data,MATCH(AD22,$AC$2:$AC$102,0)),NA())} -> #N/A | AF22: =IF($D$32=7,AE22,NA()) -> #N/A | AI22: =$AH$15*EXP(-(((AN2-$AH$16)/$AH$17)^2)) -> #N/A | AK22: =MIN('Manual Fitting'!$A$3:$A$32)+(MAX('Manual Fitting'!$A$3:$A$32)-MIN('Manual Fitting'!$A$3:$A$17))*(Guts!F22/100) -> 0 | AL22: =IF($AI$1=1,IF(AND(ISNUMBER($AH$15),ISNUMBER($AH$16)),$AH$15+AK22*$AH$16,NA()),IF($AI$1=2,IF(AND(ISNUMBER($AH$15),ISNUMBER($AH$16),ISNUMBER($AH$17)),$AH$15/(1+((AK22-$AH$16)/$AH$17)^2),NA()),IF($AI$1=3,IF(AND(ISNUMBER($AH$15),ISNUMBER($AH$16),ISNUMBER($AH$17)),$AH$15*EXP((-1)*((AK22-$AH$16)/$AH$17)^2),NA()), IF($AI$1=4,IF(AND(ISNUMBER($AH$15),ISNUMBER($AH$16),ISNUMBER($AH$17),ISNUMBER($AH$18)),$AH$15*SIN((AK22*$AH$16)-$AH$17)+$AH$18,NA()),NA())))) -> 0 | AP22: =IF($AI$1=1,IF(AND(ISNUMBER($AH$15),ISNUMBER($AH$16)),$AH$15+AN22*$AH$16,NA()),IF($AI$1=2,IF(AND(ISNUMBER($AH$15),ISNUMBER($AH$16),ISNUMBER($AH$17)),$AH$15/(1+((AN22-$AH$16)/$AH$17)^2),NA()), IF($AI$1=3,IF(AND(ISNUMBER($AH$15),ISNUMBER($AH$16),ISNUMBER($AH$17)),$AH$15*EXP(-(((AN22-$AH$16)/$AH$17)^2)),NA()),IF($AI$1=4,IF(AND(ISNUMBER($AH$15),ISNUMBER($AH$16),ISNUMBER($AH$17),ISNUMBER($AH$18)),$AH$15*SIN($AH$16*AN22-$AH$17)+$AH$18,NA()),NA())))) -> 0 | AQ22: =(AP22-AO22)^2 -> 0 | AR22: =(AO22-$AO$104)^2 -> #N/A
B23: 2 | C23: {=INDEX(E23:E27,#REF!+1)} -> #REF! | E23: y=A | F23: 21 | G23: =MIN(x1Data)+(MAX(x1Data)-MIN(x1Data))*(F23/100) -> 1680 | H23: =IF($D$1=1,$C$11+$B$11*G23, IF($D$1=2,$B$11*G23^#REF!,IF($D$1=3,$D$11+$C$11*G23+$B$11*(G23)^2,IF($D$1=4,$E$11+$D$11*G23+$C$11*(G23)^2+$B$11*(G23)^3,IF($D$1=5,EXP($C$11)*G23^($B$11),IF($D$1=6,EXP($C$11+G23*$B$11), NA())))))) -> #N/A | J23: =IFERROR(MIN(DA_x1data,DA_x2data)+(MAX(DA_x1data,DA_x2data)-MIN(DA_x1data,DA_x2data))*(F23/100), MIN(DA_x1data)+(MAX(DA_x1data)-MIN(DA_x1data))*(F23/100)) -> #N/A | K23: =IF($D$32=1,$B$48*J23+$C$48,IF($D$32=2,$B$48*J23^2+$C$48*J23+$D$48,IF($D$32=3,$B$48*J23^3+$C$48*J23^2+$D$48*J23+$E$48,IF($D$32=4,$B$48*J23^'Double Analysis'!$G$13,IF($D$32=5,EXP($C$48)*J23^$B$48,IF($D$32=6,EXP($C$48+J23*$B$48),NA())))))) -> #N/A | L23: =IF($D$32=1,$B$54*J23+$C$54,IF($D$32=2,$B$54*J23^2+$C$54*J23+$D$54,IF($D$32=3,$B$54*J23^3+$C$54*J23^2+$D$54*J23+$E$54,IF($D$32=4,$B$54*J23^'Double Analysis'!$G$13,IF($D$32=5,EXP($C$54)*J23^$B$54,IF($D$32=6,EXP($C$54+J23*$B$54),NA())))))) -> #N/A | N23: =IFERROR(SMALL($R$2:$R$102, ROW()-1),NA()) -> #N/A | O23: =IF(ISNUMBER(N23),INDEX(y1Data,MATCH(N23,$R$2:$R$102,0)),NA()) -> #N/A | P23: =IF($D$1=7,O23,NA()) -> #N/A | R23: =IF(Q23<>"",Q23+(0.0000000000001)*(COUNTIF($Q23:Q$102,Q23)-1),"") | Y23: =IF(ISNUMBER(T23),T23," ") | Z23: =IFERROR(SMALL($Y$2:$Y$102,ROW()-1),NA()) -> #N/A | AA23: {=IF(ISNUMBER(Z23),INDEX(DA_y1data,MATCH(Z23,$Y$2:$Y$102,0)),NA())} -> #N/A | AB23: =IF($D$32=7,AA23,NA()) -> #N/A | AC23: =IF(ISNUMBER(V23),V23," ") | AD23: =IFERROR(SMALL($AC$2:$AC$102,ROW()-1),NA()) -> #N/A | AE23: {=IF(ISNUMBER(AD23),INDEX(DA_y2data,MATCH(AD23,$AC$2:$AC$102,0)),NA())} -> #N/A | AF23: =IF($D$32=7,AE23,NA()) -> #N/A | AK23: =MIN('Manual Fitting'!$A$3:$A$32)+(MAX('Manual Fitting'!$A$3:$A$32)-MIN('Manual Fitting'!$A$3:$A$17))*(Guts!F23/100) -> 0 | AL23: =IF($AI$1=1,IF(AND(ISNUMBER($AH$15),ISNUMBER($AH$16)),$AH$15+AK23*$AH$16,NA()),IF($AI$1=2,IF(AND(ISNUMBER($AH$15),ISNUMBER($AH$16),ISNUMBER($AH$17)),$AH$15/(1+((AK23-$AH$16)/$AH$17)^2),NA()),IF($AI$1=3,IF(AND(ISNUMBER($AH$15),ISNUMBER($AH$16),ISNUMBER($AH$17)),$AH$15*EXP((-1)*((AK23-$AH$16)/$AH$17)^2),NA()), IF($AI$1=4,IF(AND(ISNUMBER($AH$15),ISNUMBER($AH$16),ISNUMBER($AH$17),ISNUMBER($AH$18)),$AH$15*SIN((AK23*$AH$16)-$AH$17)+$AH$18,NA()),NA())))) -> 0 | AP23: =IF($AI$1=1,IF(AND(ISNUMBER($AH$15),ISNUMBER($AH$16)),$AH$15+AN23*$AH$16,NA()),IF($AI$1=2,IF(AND(ISNUMBER($AH$15),ISNUMBER($AH$16),ISNUMBER($AH$17)),$AH$15/(1+((AN23-$AH$16)/$AH$17)^2),NA()), IF($AI$1=3,IF(AND(ISNUMBER($AH$15),ISNUMBER($AH$16),ISNUMBER($AH$17)),$AH$15*EXP(-(((AN23-$AH$16)/$AH$17)^2)),NA()),IF($AI$1=4,IF(AND(ISNUMBER($AH$15),ISNUMBER($AH$16),ISNUMBER($AH$17),ISNUMBER($AH$18)),$AH$15*SIN($AH$16*AN23-$AH$17)+$AH$18,NA()),NA())))) -> 0 | AQ23: =(AP23-AO23)^2 -> 0 | AR23: =(AO23-$AO$104)^2 -> #N/A
B24: 3 | C24: y=A+Bx+Cx² | E24: y=Bx | F24: 22 | G24: =MIN(x1Data)+(MAX(x1Data)-MIN(x1Data))*(F24/100) -> 1760 | H24: =IF($D$1=1,$C$11+$B$11*G24, IF($D$1=2,$B$11*G24^#REF!,IF($D$1=3,$D$11+$C$11*G24+$B$11*(G24)^2,IF($D$1=4,$E$11+$D$11*G24+$C$11*(G24)^2+$B$11*(G24)^3,IF($D$1=5,EXP($C$11)*G24^($B$11),IF($D$1=6,EXP($C$11+G24*$B$11), NA())))))) -> #N/A | J24: =IFERROR(MIN(DA_x1data,DA_x2data)+(MAX(DA_x1data,DA_x2data)-MIN(DA_x1data,DA_x2data))*(F24/100), MIN(DA_x1data)+(MAX(DA_x1data)-MIN(DA_x1data))*(F24/100)) -> #N/A | K24: =IF($D$32=1,$B$48*J24+$C$48,IF($D$32=2,$B$48*J24^2+$C$48*J24+$D$48,IF($D$32=3,$B$48*J24^3+$C$48*J24^2+$D$48*J24+$E$48,IF($D$32=4,$B$48*J24^'Double Analysis'!$G$13,IF($D$32=5,EXP($C$48)*J24^$B$48,IF($D$32=6,EXP($C$48+J24*$B$48),NA())))))) -> #N/A | L24: =IF($D$32=1,$B$54*J24+$C$54,IF($D$32=2,$B$54*J24^2+$C$54*J24+$D$54,IF($D$32=3,$B$54*J24^3+$C$54*J24^2+$D$54*J24+$E$54,IF($D$32=4,$B$54*J24^'Double Analysis'!$G$13,IF($D$32=5,EXP($C$54)*J24^$B$54,IF($D$32=6,EXP($C$54+J24*$B$54),NA())))))) -> #N/A | N24: =IFERROR(SMALL($R$2:$R$102, ROW()-1),NA()) -> #N/A | O24: =IF(ISNUMBER(N24),INDEX(y1Data,MATCH(N24,$R$2:$R$102,0)),NA()) -> #N/A | P24: =IF($D$1=7,O24,NA()) -> #N/A | R24: =IF(Q24<>"",Q24+(0.0000000000001)*(COUNTIF($Q24:Q$102,Q24)-1),"") | Y24: =IF(ISNUMBER(T24),T24," ") | Z24: =IFERROR(SMALL($Y$2:$Y$102,ROW()-1),NA()) -> #N/A | AA24: {=IF(ISNUMBER(Z24),INDEX(DA_y1data,MATCH(Z24,$Y$2:$Y$102,0)),NA())} -> #N/A | AB24: =IF($D$32=7,AA24,NA()) -> #N/A | AC24: =IF(ISNUMBER(V24),V24," ") | AD24: =IFERROR(SMALL($AC$2:$AC$102,ROW()-1),NA()) -> #N/A | AE24: {=IF(ISNUMBER(AD24),INDEX(DA_y2data,MATCH(AD24,$AC$2:$AC$102,0)),NA())} -> #N/A | AF24: =IF($D$32=7,AE24,NA()) -> #N/A | AK24: =MIN('Manual Fitting'!$A$3:$A$32)+(MAX('Manual Fitting'!$A$3:$A$32)-MIN('Manual Fitting'!$A$3:$A$17))*(Guts!F24/100) -> 0 | AL24: =IF($AI$1=1,IF(AND(ISNUMBER($AH$15),ISNUMBER($AH$16)),$AH$15+AK24*$AH$16,NA()),IF($AI$1=2,IF(AND(ISNUMBER($AH$15),ISNUMBER($AH$16),ISNUMBER($AH$17)),$AH$15/(1+((AK24-$AH$16)/$AH$17)^2),NA()),IF($AI$1=3,IF(AND(ISNUMBER($AH$15),ISNUMBER($AH$16),ISNUMBER($AH$17)),$AH$15*EXP((-1)*((AK24-$AH$16)/$AH$17)^2),NA()), IF($AI$1=4,IF(AND(ISNUMBER($AH$15),ISNUMBER($AH$16),ISNUMBER($AH$17),ISNUMBER($AH$18)),$AH$15*SIN((AK24*$AH$16)-$AH$17)+$AH$18,NA()),NA())))) -> 0 | AP24: =IF($AI$1=1,IF(AND(ISNUMBER($AH$15),ISNUMBER($AH$16)),$AH$15+AN24*$AH$16,NA()),IF($AI$1=2,IF(AND(ISNUMBER($AH$15),ISNUMBER($AH$16),ISNUMBER($AH$17)),$AH$15/(1+((AN24-$AH$16)/$AH$17)^2),NA()), IF($AI$1=3,IF(AND(ISNUMBER($AH$15),ISNUMBER($AH$16),ISNUMBER($AH$17)),$AH$15*EXP(-(((AN24-$AH$16)/$AH$17)^2)),NA()),IF($AI$1=4,IF(AND(ISNUMBER($AH$15),ISNUMBER($AH$16),ISNUMBER($AH$17),ISNUMBER($AH$18)),$AH$15*SIN($AH$16*AN24-$AH$17)+$AH$18,NA()),NA())))) -> 0 | AQ24: =(AP24-AO24)^2 -> 0 | AR24: =(AO24-$AO$104)^2 -> #N/A
B25: 4 | C25: y=A+Bx+Cx²+Dx³ | E25: y=Cx² | F25: 23 | G25: =MIN(x1Data)+(MAX(x1Data)-MIN(x1Data))*(F25/100) -> 1840 | H25: =IF($D$1=1,$C$11+$B$11*G25, IF($D$1=2,$B$11*G25^#REF!,IF($D$1=3,$D$11+$C$11*G25+$B$11*(G25)^2,IF($D$1=4,$E$11+$D$11*G25+$C$11*(G25)^2+$B$11*(G25)^3,IF($D$1=5,EXP($C$11)*G25^($B$11),IF($D$1=6,EXP($C$11+G25*$B$11), NA())))))) -> #N/A | J25: =IFERROR(MIN(DA_x1data,DA_x2data)+(MAX(DA_x1data,DA_x2data)-MIN(DA_x1data,DA_x2data))*(F25/100), MIN(DA_x1data)+(MAX(DA_x1data)-MIN(DA_x1data))*(F25/100)) -> #N/A | K25: =IF($D$32=1,$B$48*J25+$C$48,IF($D$32=2,$B$48*J25^2+$C$48*J25+$D$48,IF($D$32=3,$B$48*J25^3+$C$48*J25^2+$D$48*J25+$E$48,IF($D$32=4,$B$48*J25^'Double Analysis'!$G$13,IF($D$32=5,EXP($C$48)*J25^$B$48,IF($D$32=6,EXP($C$48+J25*$B$48),NA())))))) -> #N/A | L25: =IF($D$32=1,$B$54*J25+$C$54,IF($D$32=2,$B$54*J25^2+$C$54*J25+$D$54,IF($D$32=3,$B$54*J25^3+$C$54*J25^2+$D$54*J25+$E$54,IF($D$32=4,$B$54*J25^'Double Analysis'!$G$13,IF($D$32=5,EXP($C$54)*J25^$B$54,IF($D$32=6,EXP($C$54+J25*$B$54),NA())))))) -> #N/A | N25: =IFERROR(SMALL($R$2:$R$102, ROW()-1),NA()) -> #N/A | O25: =IF(ISNUMBER(N25),INDEX(y1Data,MATCH(N25,$R$2:$R$102,0)),NA()) -> #N/A | P25: =IF($D$1=7,O25,NA()) -> #N/A | R25: =IF(Q25<>"",Q25+(0.0000000000001)*(COUNTIF($Q25:Q$102,Q25)-1),"") | Y25: =IF(ISNUMBER(T25),T25," ") | Z25: =IFERROR(SMALL($Y$2:$Y$102,ROW()-1),NA()) -> #N/A | AA25: {=IF(ISNUMBER(Z25),INDEX(DA_y1data,MATCH(Z25,$Y$2:$Y$102,0)),NA())} -> #N/A | AB25: =IF($D$32=7,AA25,NA()) -> #N/A | AC25: =IF(ISNUMBER(V25),V25," ") | AD25: =IFERROR(SMALL($AC$2:$AC$102,ROW()-1),NA()) -> #N/A | AE25: {=IF(ISNUMBER(AD25),INDEX(DA_y2data,MATCH(AD25,$AC$2:$AC$102,0)),NA())} -> #N/A | AF25: =IF($D$32=7,AE25,NA()) -> #N/A | AK25: =MIN('Manual Fitting'!$A$3:$A$32)+(MAX('Manual Fitting'!$A$3:$A$32)-MIN('Manual Fitting'!$A$3:$A$17))*(Guts!F25/100) -> 0 | AL25: =IF($AI$1=1,IF(AND(ISNUMBER($AH$15),ISNUMBER($AH$16)),$AH$15+AK25*$AH$16,NA()),IF($AI$1=2,IF(AND(ISNUMBER($AH$15),ISNUMBER($AH$16),ISNUMBER($AH$17)),$AH$15/(1+((AK25-$AH$16)/$AH$17)^2),NA()),IF($AI$1=3,IF(AND(ISNUMBER($AH$15),ISNUMBER($AH$16),ISNUMBER($AH$17)),$AH$15*EXP((-1)*((AK25-$AH$16)/$AH$17)^2),NA()), IF($AI$1=4,IF(AND(ISNUMBER($AH$15),ISNUMBER($AH$16),ISNUMBER($AH$17),ISNUMBER($AH$18)),$AH$15*SIN((AK25*$AH$16)-$AH$17)+$AH$18,NA()),NA())))) -> 0 | AP25: =IF($AI$1=1,IF(AND(ISNUMBER($AH$15),ISNUMBER($AH$16)),$AH$15+AN25*$AH$16,NA()),IF($AI$1=2,IF(AND(ISNUMBER($AH$15),ISNUMBER($AH$16),ISNUMBER($AH$17)),$AH$15/(1+((AN25-$AH$16)/$AH$17)^2),NA()), IF($AI$1=3,IF(AND(ISNUMBER($AH$15),ISNUMBER($AH$16),ISNUMBER($AH$17)),$AH$15*EXP(-(((AN25-$AH$16)/$AH$17)^2)),NA()),IF($AI$1=4,IF(AND(ISNUMBER($AH$15),ISNUMBER($AH$16),ISNUMBER($AH$17),ISNUMBER($AH$18)),$AH$15*SIN($AH$16*AN25-$AH$17)+$AH$18,NA()),NA())))) -> 0 | AQ25: =(AP25-AO25)^2 -> 0 | AR25: =(AO25-$AO$104)^2 -> #N/A
B26: 5 | C26: y=Axᴮ | E26: y=Dx³ | F26: 24 | G26: =MIN(x1Data)+(MAX(x1Data)-MIN(x1Data))*(F26/100) -> 1920 | H26: =IF($D$1=1,$C$11+$B$11*G26, IF($D$1=2,$B$11*G26^#REF!,IF($D$1=3,$D$11+$C$11*G26+$B$11*(G26)^2,IF($D$1=4,$E$11+$D$11*G26+$C$11*(G26)^2+$B$11*(G26)^3,IF($D$1=5,EXP($C$11)*G26^($B$11),IF($D$1=6,EXP($C$11+G26*$B$11), NA())))))) -> #N/A | J26: =IFERROR(MIN(DA_x1data,DA_x2data)+(MAX(DA_x1data,DA_x2data)-MIN(DA_x1data,DA_x2data))*(F26/100), MIN(DA_x1data)+(MAX(DA_x1data)-MIN(DA_x1data))*(F26/100)) -> #N/A | K26: =IF($D$32=1,$B$48*J26+$C$48,IF($D$32=2,$B$48*J26^2+$C$48*J26+$D$48,IF($D$32=3,$B$48*J26^3+$C$48*J26^2+$D$48*J26+$E$48,IF($D$32=4,$B$48*J26^'Double Analysis'!$G$13,IF($D$32=5,EXP($C$48)*J26^$B$48,IF($D$32=6,EXP($C$48+J26*$B$48),NA())))))) -> #N/A | L26: =IF($D$32=1,$B$54*J26+$C$54,IF($D$32=2,$B$54*J26^2+$C$54*J26+$D$54,IF($D$32=3,$B$54*J26^3+$C$54*J26^2+$D$54*J26+$E$54,IF($D$32=4,$B$54*J26^'Double Analysis'!$G$13,IF($D$32=5,EXP($C$54)*J26^$B$54,IF($D$32=6,EXP($C$54+J26*$B$54),NA())))))) -> #N/A | N26: =IFERROR(SMALL($R$2:$R$102, ROW()-1),NA()) -> #N/A | O26: =IF(ISNUMBER(N26),INDEX(y1Data,MATCH(N26,$R$2:$R$102,0)),NA()) -> #N/A | P26: =IF($D$1=7,O26,NA()) -> #N/A | R26: =IF(Q26<>"",Q26+(0.0000000000001)*(COUNTIF($Q26:Q$102,Q26)-1),"") | Y26: =IF(ISNUMBER(T26),T26," ") | Z26: =IFERROR(SMALL($Y$2:$Y$102,ROW()-1),NA()) -> #N/A | AA26: {=IF(ISNUMBER(Z26),INDEX(DA_y1data,MATCH(Z26,$Y$2:$Y$102,0)),NA())} -> #N/A | AB26: =IF($D$32=7,AA26,NA()) -> #N/A | AC26: =IF(ISNUMBER(V26),V26," ") | AD26: =IFERROR(SMALL($AC$2:$AC$102,ROW()-1),NA()) -> #N/A | AE26: {=IF(ISNUMBER(AD26),INDEX(DA_y2data,MATCH(AD26,$AC$2:$AC$102,0)),NA())} -> #N/A | AF26: =IF($D$32=7,AE26,NA()) -> #N/A | AK26: =MIN('Manual Fitting'!$A$3:$A$32)+(MAX('Manual Fitting'!$A$3:$A$32)-MIN('Manual Fitting'!$A$3:$A$17))*(Guts!F26/100) -> 0 | AL26: =IF($AI$1=1,IF(AND(ISNUMBER($AH$15),ISNUMBER($AH$16)),$AH$15+AK26*$AH$16,NA()),IF($AI$1=2,IF(AND(ISNUMBER($AH$15),ISNUMBER($AH$16),ISNUMBER($AH$17)),$AH$15/(1+((AK26-$AH$16)/$AH$17)^2),NA()),IF($AI$1=3,IF(AND(ISNUMBER($AH$15),ISNUMBER($AH$16),ISNUMBER($AH$17)),$AH$15*EXP((-1)*((AK26-$AH$16)/$AH$17)^2),NA()), IF($AI$1=4,IF(AND(ISNUMBER($AH$15),ISNUMBER($AH$16),ISNUMBER($AH$17),ISNUMBER($AH$18)),$AH$15*SIN((AK26*$AH$16)-$AH$17)+$AH$18,NA()),NA())))) -> 0 | AP26: =IF($AI$1=1,IF(AND(ISNUMBER($AH$15),ISNUMBER($AH$16)),$AH$15+AN26*$AH$16,NA()),IF($AI$1=2,IF(AND(ISNUMBER($AH$15),ISNUMBER($AH$16),ISNUMBER($AH$17)),$AH$15/(1+((AN26-$AH$16)/$AH$17)^2),NA()), IF($AI$1=3,IF(AND(ISNUMBER($AH$15),ISNUMBER($AH$16),ISNUMBER($AH$17)),$AH$15*EXP(-(((AN26-$AH$16)/$AH$17)^2)),NA()),IF($AI$1=4,IF(AND(ISNUMBER($AH$15),ISNUMBER($AH$16),ISNUMBER($AH$17),ISNUMBER($AH$18)),$AH$15*SIN($AH$16*AN26-$AH$17)+$AH$18,NA()),NA())))) -> 0 | AQ26: =(AP26-AO26)^2 -> 0 | AR26: =(AO26-$AO$104)^2 -> #N/A
B27: 6 | C27: y=Aeᴮˣ | E27: y=Ex⁴ | F27: 25 | G27: =MIN(x1Data)+(MAX(x1Data)-MIN(x1Data))*(F27/100) -> 2000 | H27: =IF($D$1=1,$C$11+$B$11*G27, IF($D$1=2,$B$11*G27^#REF!,IF($D$1=3,$D$11+$C$11*G27+$B$11*(G27)^2,IF($D$1=4,$E$11+$D$11*G27+$C$11*(G27)^2+$B$11*(G27)^3,IF($D$1=5,EXP($C$11)*G27^($B$11),IF($D$1=6,EXP($C$11+G27*$B$11), NA())))))) -> #N/A | J27: =IFERROR(MIN(DA_x1data,DA_x2data)+(MAX(DA_x1data,DA_x2data)-MIN(DA_x1data,DA_x2data))*(F27/100), MIN(DA_x1data)+(MAX(DA_x1data)-MIN(DA_x1data))*(F27/100)) -> #N/A | K27: =IF($D$32=1,$B$48*J27+$C$48,IF($D$32=2,$B$48*J27^2+$C$48*J27+$D$48,IF($D$32=3,$B$48*J27^3+$C$48*J27^2+$D$48*J27+$E$48,IF($D$32=4,$B$48*J27^'Double Analysis'!$G$13,IF($D$32=5,EXP($C$48)*J27^$B$48,IF($D$32=6,EXP($C$48+J27*$B$48),NA())))))) -> #N/A | L27: =IF($D$32=1,$B$54*J27+$C$54,IF($D$32=2,$B$54*J27^2+$C$54*J27+$D$54,IF($D$32=3,$B$54*J27^3+$C$54*J27^2+$D$54*J27+$E$54,IF($D$32=4,$B$54*J27^'Double Analysis'!$G$13,IF($D$32=5,EXP($C$54)*J27^$B$54,IF($D$32=6,EXP($C$54+J27*$B$54),NA())))))) -> #N/A | N27: =IFERROR(SMALL($R$2:$R$102, ROW()-1),NA()) -> #N/A | O27: =IF(ISNUMBER(N27),INDEX(y1Data,MATCH(N27,$R$2:$R$102,0)),NA()) -> #N/A | P27: =IF($D$1=7,O27,NA()) -> #N/A | R27: =IF(Q27<>"",Q27+(0.0000000000001)*(COUNTIF($Q27:Q$102,Q27)-1),"") | Y27: =IF(ISNUMBER(T27),T27," ") | Z27: =IFERROR(SMALL($Y$2:$Y$102,ROW()-1),NA()) -> #N/A | AA27: {=IF(ISNUMBER(Z27),INDEX(DA_y1data,MATCH(Z27,$Y$2:$Y$102,0)),NA())} -> #N/A | AB27: =IF($D$32=7,AA27,NA()) -> #N/A | AC27: =IF(ISNUMBER(V27),V27," ") | AD27: =IFERROR(SMALL($AC$2:$AC$102,ROW()-1),NA()) -> #N/A | AE27: {=IF(ISNUMBER(AD27),INDEX(DA_y2data,MATCH(AD27,$AC$2:$AC$102,0)),NA())} -> #N/A | AF27: =IF($D$32=7,AE27,NA()) -> #N/A | AK27: =MIN('Manual Fitting'!$A$3:$A$32)+(MAX('Manual Fitting'!$A$3:$A$32)-MIN('Manual Fitting'!$A$3:$A$17))*(Guts!F27/100) -> 0 | AL27: =IF($AI$1=1,IF(AND(ISNUMBER($AH$15),ISNUMBER($AH$16)),$AH$15+AK27*$AH$16,NA()),IF($AI$1=2,IF(AND(ISNUMBER($AH$15),ISNUMBER($AH$16),ISNUMBER($AH$17)),$AH$15/(1+((AK27-$AH$16)/$AH$17)^2),NA()),IF($AI$1=3,IF(AND(ISNUMBER($AH$15),ISNUMBER($AH$16),ISNUMBER($AH$17)),$AH$15*EXP((-1)*((AK27-$AH$16)/$AH$17)^2),NA()), IF($AI$1=4,IF(AND(ISNUMBER($AH$15),ISNUMBER($AH$16),ISNUMBER($AH$17),ISNUMBER($AH$18)),$AH$15*SIN((AK27*$AH$16)-$AH$17)+$AH$18,NA()),NA())))) -> 0 | AP27: =IF($AI$1=1,IF(AND(ISNUMBER($AH$15),ISNUMBER($AH$16)),$AH$15+AN27*$AH$16,NA()),IF($AI$1=2,IF(AND(ISNUMBER($AH$15),ISNUMBER($AH$16),ISNUMBER($AH$17)),$AH$15/(1+((AN27-$AH$16)/$AH$17)^2),NA()), IF($AI$1=3,IF(AND(ISNUMBER($AH$15),ISNUMBER($AH$16),ISNUMBER($AH$17)),$AH$15*EXP(-(((AN27-$AH$16)/$AH$17)^2)),NA()),IF($AI$1=4,IF(AND(ISNUMBER($AH$15),ISNUMBER($AH$16),ISNUMBER($AH$17),ISNUMBER($AH$18)),$AH$15*SIN($AH$16*AN27-$AH$17)+$AH$18,NA()),NA())))) -> 0 | AQ27: =(AP27-AO27)^2 -> 0 | AR27: =(AO27-$AO$104)^2 -> #N/A
B28: 7 | C28: No fitting | F28: 26 | G28: =MIN(x1Data)+(MAX(x1Data)-MIN(x1Data))*(F28/100) -> 2080 | H28: =IF($D$1=1,$C$11+$B$11*G28, IF($D$1=2,$B$11*G28^#REF!,IF($D$1=3,$D$11+$C$11*G28+$B$11*(G28)^2,IF($D$1=4,$E$11+$D$11*G28+$C$11*(G28)^2+$B$11*(G28)^3,IF($D$1=5,EXP($C$11)*G28^($B$11),IF($D$1=6,EXP($C$11+G28*$B$11), NA())))))) -> #N/A | J28: =IFERROR(MIN(DA_x1data,DA_x2data)+(MAX(DA_x1data,DA_x2data)-MIN(DA_x1data,DA_x2data))*(F28/100), MIN(DA_x1data)+(MAX(DA_x1data)-MIN(DA_x1data))*(F28/100)) -> #N/A | K28: =IF($D$32=1,$B$48*J28+$C$48,IF($D$32=2,$B$48*J28^2+$C$48*J28+$D$48,IF($D$32=3,$B$48*J28^3+$C$48*J28^2+$D$48*J28+$E$48,IF($D$32=4,$B$48*J28^'Double Analysis'!$G$13,IF($D$32=5,EXP($C$48)*J28^$B$48,IF($D$32=6,EXP($C$48+J28*$B$48),NA())))))) -> #N/A | L28: =IF($D$32=1,$B$54*J28+$C$54,IF($D$32=2,$B$54*J28^2+$C$54*J28+$D$54,IF($D$32=3,$B$54*J28^3+$C$54*J28^2+$D$54*J28+$E$54,IF($D$32=4,$B$54*J28^'Double Analysis'!$G$13,IF($D$32=5,EXP($C$54)*J28^$B$54,IF($D$32=6,EXP($C$54+J28*$B$54),NA())))))) -> #N/A | N28: =IFERROR(SMALL($R$2:$R$102, ROW()-1),NA()) -> #N/A | O28: =IF(ISNUMBER(N28),INDEX(y1Data,MATCH(N28,$R$2:$R$102,0)),NA()) -> #N/A | P28: =IF($D$1=7,O28,NA()) -> #N/A | R28: =IF(Q28<>"",Q28+(0.0000000000001)*(COUNTIF($Q28:Q$102,Q28)-1),"") | Y28: =IF(ISNUMBER(T28),T28," ") | Z28: =IFERROR(SMALL($Y$2:$Y$102,ROW()-1),NA()) -> #N/A | AA28: {=IF(ISNUMBER(Z28),INDEX(DA_y1data,MATCH(Z28,$Y$2:$Y$102,0)),NA())} -> #N/A | AB28: =IF($D$32=7,AA28,NA()) -> #N/A | AC28: =IF(ISNUMBER(V28),V28," ") | AD28: =IFERROR(SMALL($AC$2:$AC$102,ROW()-1),NA()) -> #N/A | AE28: {=IF(ISNUMBER(AD28),INDEX(DA_y2data,MATCH(AD28,$AC$2:$AC$102,0)),NA())} -> #N/A | AF28: =IF($D$32=7,AE28,NA()) -> #N/A | AK28: =MIN('Manual Fitting'!$A$3:$A$32)+(MAX('Manual Fitting'!$A$3:$A$32)-MIN('Manual Fitting'!$A$3:$A$17))*(Guts!F28/100) -> 0 | AL28: =IF($AI$1=1,IF(AND(ISNUMBER($AH$15),ISNUMBER($AH$16)),$AH$15+AK28*$AH$16,NA()),IF($AI$1=2,IF(AND(ISNUMBER($AH$15),ISNUMBER($AH$16),ISNUMBER($AH$17)),$AH$15/(1+((AK28-$AH$16)/$AH$17)^2),NA()),IF($AI$1=3,IF(AND(ISNUMBER($AH$15),ISNUMBER($AH$16),ISNUMBER($AH$17)),$AH$15*EXP((-1)*((AK28-$AH$16)/$AH$17)^2),NA()), IF($AI$1=4,IF(AND(ISNUMBER($AH$15),ISNUMBER($AH$16),ISNUMBER($AH$17),ISNUMBER($AH$18)),$AH$15*SIN((AK28*$AH$16)-$AH$17)+$AH$18,NA()),NA())))) -> 0 | AP28: =IF($AI$1=1,IF(AND(ISNUMBER($AH$15),ISNUMBER($AH$16)),$AH$15+AN28*$AH$16,NA()),IF($AI$1=2,IF(AND(ISNUMBER($AH$15),ISNUMBER($AH$16),ISNUMBER($AH$17)),$AH$15/(1+((AN28-$AH$16)/$AH$17)^2),NA()), IF($AI$1=3,IF(AND(ISNUMBER($AH$15),ISNUMBER($AH$16),ISNUMBER($AH$17)),$AH$15*EXP(-(((AN28-$AH$16)/$AH$17)^2)),NA()),IF($AI$1=4,IF(AND(ISNUMBER($AH$15),ISNUMBER($AH$16),ISNUMBER($AH$17),ISNUMBER($AH$18)),$AH$15*SIN($AH$16*AN28-$AH$17)+$AH$18,NA()),NA())))) -> 0 | AQ28: =(AP28-AO28)^2 -> 0 | AR28: =(AO28-$AO$104)^2 -> #N/A
B29: 8 | C29: No fitting | F29: 27 | G29: =MIN(x1Data)+(MAX(x1Data)-MIN(x1Data))*(F29/100) -> 2160 | H29: =IF($D$1=1,$C$11+$B$11*G29, IF($D$1=2,$B$11*G29^#REF!,IF($D$1=3,$D$11+$C$11*G29+$B$11*(G29)^2,IF($D$1=4,$E$11+$D$11*G29+$C$11*(G29)^2+$B$11*(G29)^3,IF($D$1=5,EXP($C$11)*G29^($B$11),IF($D$1=6,EXP($C$11+G29*$B$11), NA())))))) -> #N/A | J29: =IFERROR(MIN(DA_x1data,DA_x2data)+(MAX(DA_x1data,DA_x2data)-MIN(DA_x1data,DA_x2data))*(F29/100), MIN(DA_x1data)+(MAX(DA_x1data)-MIN(DA_x1data))*(F29/100)) -> #N/A | K29: =IF($D$32=1,$B$48*J29+$C$48,IF($D$32=2,$B$48*J29^2+$C$48*J29+$D$48,IF($D$32=3,$B$48*J29^3+$C$48*J29^2+$D$48*J29+$E$48,IF($D$32=4,$B$48*J29^'Double Analysis'!$G$13,IF($D$32=5,EXP($C$48)*J29^$B$48,IF($D$32=6,EXP($C$48+J29*$B$48),NA())))))) -> #N/A | L29: =IF($D$32=1,$B$54*J29+$C$54,IF($D$32=2,$B$54*J29^2+$C$54*J29+$D$54,IF($D$32=3,$B$54*J29^3+$C$54*J29^2+$D$54*J29+$E$54,IF($D$32=4,$B$54*J29^'Double Analysis'!$G$13,IF($D$32=5,EXP($C$54)*J29^$B$54,IF($D$32=6,EXP($C$54+J29*$B$54),NA())))))) -> #N/A | N29: =IFERROR(SMALL($R$2:$R$102, ROW()-1),NA()) -> #N/A | O29: =IF(ISNUMBER(N29),INDEX(y1Data,MATCH(N29,$R$2:$R$102,0)),NA()) -> #N/A | P29: =IF($D$1=7,O29,NA()) -> #N/A | R29: =IF(Q29<>"",Q29+(0.0000000000001)*(COUNTIF($Q29:Q$102,Q29)-1),"") | Y29: =IF(ISNUMBER(T29),T29," ") | Z29: =IFERROR(SMALL($Y$2:$Y$102,ROW()-1),NA()) -> #N/A | AA29: {=IF(ISNUMBER(Z29),INDEX(DA_y1data,MATCH(Z29,$Y$2:$Y$102,0)),NA())} -> #N/A | AB29: =IF($D$32=7,AA29,NA()) -> #N/A | AC29: =IF(ISNUMBER(V29),V29," ") | AD29: =IFERROR(SMALL($AC$2:$AC$102,ROW()-1),NA()) -> #N/A | AE29: {=IF(ISNUMBER(AD29),INDEX(DA_y2data,MATCH(AD29,$AC$2:$AC$102,0)),NA())} -> #N/A | AF29: =IF($D$32=7,AE29,NA()) -> #N/A | AK29: =MIN('Manual Fitting'!$A$3:$A$32)+(MAX('Manual Fitting'!$A$3:$A$32)-MIN('Manual Fitting'!$A$3:$A$17))*(Guts!F29/100) -> 0 | AL29: =IF($AI$1=1,IF(AND(ISNUMBER($AH$15),ISNUMBER($AH$16)),$AH$15+AK29*$AH$16,NA()),IF($AI$1=2,IF(AND(ISNUMBER($AH$15),ISNUMBER($AH$16),ISNUMBER($AH$17)),$AH$15/(1+((AK29-$AH$16)/$AH$17)^2),NA()),IF($AI$1=3,IF(AND(ISNUMBER($AH$15),ISNUMBER($AH$16),ISNUMBER($AH$17)),$AH$15*EXP((-1)*((AK29-$AH$16)/$AH$17)^2),NA()), IF($AI$1=4,IF(AND(ISNUMBER($AH$15),ISNUMBER($AH$16),ISNUMBER($AH$17),ISNUMBER($AH$18)),$AH$15*SIN((AK29*$AH$16)-$AH$17)+$AH$18,NA()),NA())))) -> 0 | AP29: =IF($AI$1=1,IF(AND(ISNUMBER($AH$15),ISNUMBER($AH$16)),$AH$15+AN29*$AH$16,NA()),IF($AI$1=2,IF(AND(ISNUMBER($AH$15),ISNUMBER($AH$16),ISNUMBER($AH$17)),$AH$15/(1+((AN29-$AH$16)/$AH$17)^2),NA()), IF($AI$1=3,IF(AND(ISNUMBER($AH$15),ISNUMBER($AH$16),ISNUMBER($AH$17)),$AH$15*EXP(-(((AN29-$AH$16)/$AH$17)^2)),NA()),IF($AI$1=4,IF(AND(ISNUMBER($AH$15),ISNUMBER($AH$16),ISNUMBER($AH$17),ISNUMBER($AH$18)),$AH$15*SIN($AH$16*AN29-$AH$17)+$AH$18,NA()),NA())))) -> 0 | AQ29: =(AP29-AO29)^2 -> 0 | AR29: =(AO29-$AO$104)^2 -> #N/A
F30: 28 | G30: =MIN(x1Data)+(MAX(x1Data)-MIN(x1Data))*(F30/100) -> 2240 | H30: =IF($D$1=1,$C$11+$B$11*G30, IF($D$1=2,$B$11*G30^#REF!,IF($D$1=3,$D$11+$C$11*G30+$B$11*(G30)^2,IF($D$1=4,$E$11+$D$11*G30+$C$11*(G30)^2+$B$11*(G30)^3,IF($D$1=5,EXP($C$11)*G30^($B$11),IF($D$1=6,EXP($C$11+G30*$B$11), NA())))))) -> #N/A | J30: =IFERROR(MIN(DA_x1data,DA_x2data)+(MAX(DA_x1data,DA_x2data)-MIN(DA_x1data,DA_x2data))*(F30/100), MIN(DA_x1data)+(MAX(DA_x1data)-MIN(DA_x1data))*(F30/100)) -> #N/A | K30: =IF($D$32=1,$B$48*J30+$C$48,IF($D$32=2,$B$48*J30^2+$C$48*J30+$D$48,IF($D$32=3,$B$48*J30^3+$C$48*J30^2+$D$48*J30+$E$48,IF($D$32=4,$B$48*J30^'Double Analysis'!$G$13,IF($D$32=5,EXP($C$48)*J30^$B$48,IF($D$32=6,EXP($C$48+J30*$B$48),NA())))))) -> #N/A | L30: =IF($D$32=1,$B$54*J30+$C$54,IF($D$32=2,$B$54*J30^2+$C$54*J30+$D$54,IF($D$32=3,$B$54*J30^3+$C$54*J30^2+$D$54*J30+$E$54,IF($D$32=4,$B$54*J30^'Double Analysis'!$G$13,IF($D$32=5,EXP($C$54)*J30^$B$54,IF($D$32=6,EXP($C$54+J30*$B$54),NA())))))) -> #N/A | N30: =IFERROR(SMALL($R$2:$R$102, ROW()-1),NA()) -> #N/A | O30: =IF(ISNUMBER(N30),INDEX(y1Data,MATCH(N30,$R$2:$R$102,0)),NA()) -> #N/A | P30: =IF($D$1=7,O30,NA()) -> #N/A | R30: =IF(Q30<>"",Q30+(0.0000000000001)*(COUNTIF($Q30:Q$102,Q30)-1),"") | Y30: =IF(ISNUMBER(T30),T30," ") | Z30: =IFERROR(SMALL($Y$2:$Y$102,ROW()-1),NA()) -> #N/A | AA30: {=IF(ISNUMBER(Z30),INDEX(DA_y1data,MATCH(Z30,$Y$2:$Y$102,0)),NA())} -> #N/A | AB30: =IF($D$32=7,AA30,NA()) -> #N/A | AC30: =IF(ISNUMBER(V30),V30," ") | AD30: =IFERROR(SMALL($AC$2:$AC$102,ROW()-1),NA()) -> #N/A | AE30: {=IF(ISNUMBER(AD30),INDEX(DA_y2data,MATCH(AD30,$AC$2:$AC$102,0)),NA())} -> #N/A | AF30: =IF($D$32=7,AE30,NA()) -> #N/A | AK30: =MIN('Manual Fitting'!$A$3:$A$32)+(MAX('Manual Fitting'!$A$3:$A$32)-MIN('Manual Fitting'!$A$3:$A$17))*(Guts!F30/100) -> 0 | AL30: =IF($AI$1=1,IF(AND(ISNUMBER($AH$15),ISNUMBER($AH$16)),$AH$15+AK30*$AH$16,NA()),IF($AI$1=2,IF(AND(ISNUMBER($AH$15),ISNUMBER($AH$16),ISNUMBER($AH$17)),$AH$15/(1+((AK30-$AH$16)/$AH$17)^2),NA()),IF($AI$1=3,IF(AND(ISNUMBER($AH$15),ISNUMBER($AH$16),ISNUMBER($AH$17)),$AH$15*EXP((-1)*((AK30-$AH$16)/$AH$17)^2),NA()), IF($AI$1=4,IF(AND(ISNUMBER($AH$15),ISNUMBER($AH$16),ISNUMBER($AH$17),ISNUMBER($AH$18)),$AH$15*SIN((AK30*$AH$16)-$AH$17)+$AH$18,NA()),NA())))) -> 0 | AP30: =IF($AI$1=1,IF(AND(ISNUMBER($AH$15),ISNUMBER($AH$16)),$AH$15+AN30*$AH$16,NA()),IF($AI$1=2,IF(AND(ISNUMBER($AH$15),ISNUMBER($AH$16),ISNUMBER($AH$17)),$AH$15/(1+((AN30-$AH$16)/$AH$17)^2),NA()), IF($AI$1=3,IF(AND(ISNUMBER($AH$15),ISNUMBER($AH$16),ISNUMBER($AH$17)),$AH$15*EXP(-(((AN30-$AH$16)/$AH$17)^2)),NA()),IF($AI$1=4,IF(AND(ISNUMBER($AH$15),ISNUMBER($AH$16),ISNUMBER($AH$17),ISNUMBER($AH$18)),$AH$15*SIN($AH$16*AN30-$AH$17)+$AH$18,NA()),NA())))) -> 0 | AQ30: =(AP30-AO30)^2 -> 0 | AR30: =(AO30-$AO$104)^2 -> #N/A
B31: Double Fit Info | F31: 29 | G31: =MIN(x1Data)+(MAX(x1Data)-MIN(x1Data))*(F31/100) -> 2320 | H31: =IF($D$1=1,$C$11+$B$11*G31, IF($D$1=2,$B$11*G31^#REF!,IF($D$1=3,$D$11+$C$11*G31+$B$11*(G31)^2,IF($D$1=4,$E$11+$D$11*G31+$C$11*(G31)^2+$B$11*(G31)^3,IF($D$1=5,EXP($C$11)*G31^($B$11),IF($D$1=6,EXP($C$11+G31*$B$11), NA())))))) -> #N/A | J31: =IFERROR(MIN(DA_x1data,DA_x2data)+(MAX(DA_x1data,DA_x2data)-MIN(DA_x1data,DA_x2data))*(F31/100), MIN(DA_x1data)+(MAX(DA_x1data)-MIN(DA_x1data))*(F31/100)) -> #N/A | K31: =IF($D$32=1,$B$48*J31+$C$48,IF($D$32=2,$B$48*J31^2+$C$48*J31+$D$48,IF($D$32=3,$B$48*J31^3+$C$48*J31^2+$D$48*J31+$E$48,IF($D$32=4,$B$48*J31^'Double Analysis'!$G$13,IF($D$32=5,EXP($C$48)*J31^$B$48,IF($D$32=6,EXP($C$48+J31*$B$48),NA())))))) -> #N/A | L31: =IF($D$32=1,$B$54*J31+$C$54,IF($D$32=2,$B$54*J31^2+$C$54*J31+$D$54,IF($D$32=3,$B$54*J31^3+$C$54*J31^2+$D$54*J31+$E$54,IF($D$32=4,$B$54*J31^'Double Analysis'!$G$13,IF($D$32=5,EXP($C$54)*J31^$B$54,IF($D$32=6,EXP($C$54+J31*$B$54),NA())))))) -> #N/A | N31: =IFERROR(SMALL($R$2:$R$102, ROW()-1),NA()) -> #N/A | O31: =IF(ISNUMBER(N31),INDEX(y1Data,MATCH(N31,$R$2:$R$102,0)),NA()) -> #N/A | P31: =IF($D$1=7,O31,NA()) -> #N/A | R31: =IF(Q31<>"",Q31+(0.0000000000001)*(COUNTIF($Q31:Q$102,Q31)-1),"") | Y31: =IF(ISNUMBER(T31),T31," ") | Z31: =IFERROR(SMALL($Y$2:$Y$102,ROW()-1),NA()) -> #N/A | AA31: {=IF(ISNUMBER(Z31),INDEX(DA_y1data,MATCH(Z31,$Y$2:$Y$102,0)),NA())} -> #N/A | AB31: =IF($D$32=7,AA31,NA()) -> #N/A | AC31: =IF(ISNUMBER(V31),V31," ") | AD31: =IFERROR(SMALL($AC$2:$AC$102,ROW()-1),NA()) -> #N/A | AE31: {=IF(ISNUMBER(AD31),INDEX(DA_y2data,MATCH(AD31,$AC$2:$AC$102,0)),NA())} -> #N/A | AF31: =IF($D$32=7,AE31,NA()) -> #N/A | AK31: =MIN('Manual Fitting'!$A$3:$A$32)+(MAX('Manual Fitting'!$A$3:$A$32)-MIN('Manual Fitting'!$A$3:$A$17))*(Guts!F31/100) -> 0 | AL31: =IF($AI$1=1,IF(AND(ISNUMBER($AH$15),ISNUMBER($AH$16)),$AH$15+AK31*$AH$16,NA()),IF($AI$1=2,IF(AND(ISNUMBER($AH$15),ISNUMBER($AH$16),ISNUMBER($AH$17)),$AH$15/(1+((AK31-$AH$16)/$AH$17)^2),NA()),IF($AI$1=3,IF(AND(ISNUMBER($AH$15),ISNUMBER($AH$16),ISNUMBER($AH$17)),$AH$15*EXP((-1)*((AK31-$AH$16)/$AH$17)^2),NA()), IF($AI$1=4,IF(AND(ISNUMBER($AH$15),ISNUMBER($AH$16),ISNUMBER($AH$17),ISNUMBER($AH$18)),$AH$15*SIN((AK31*$AH$16)-$AH$17)+$AH$18,NA()),NA())))) -> 0 | AP31: =IF($AI$1=1,IF(AND(ISNUMBER($AH$15),ISNUMBER($AH$16)),$AH$15+AN31*$AH$16,NA()),IF($AI$1=2,IF(AND(ISNUMBER($AH$15),ISNUMBER($AH$16),ISNUMBER($AH$17)),$AH$15/(1+((AN31-$AH$16)/$AH$17)^2),NA()), IF($AI$1=3,IF(AND(ISNUMBER($AH$15),ISNUMBER($AH$16),ISNUMBER($AH$17)),$AH$15*EXP(-(((AN31-$AH$16)/$AH$17)^2)),NA()),IF($AI$1=4,IF(AND(ISNUMBER($AH$15),ISNUMBER($AH$16),ISNUMBER($AH$17),ISNUMBER($AH$18)),$AH$15*SIN($AH$16*AN31-$AH$17)+$AH$18,NA()),NA())))) -> 0 | AQ31: =(AP31-AO31)^2 -> 0 | AR31: =(AO31-$AO$104)^2 -> #N/A
A32: Fit type | D32: 2 | F32: 30 | G32: =MIN(x1Data)+(MAX(x1Data)-MIN(x1Data))*(F32/100) -> 2400 | H32: =IF($D$1=1,$C$11+$B$11*G32, IF($D$1=2,$B$11*G32^#REF!,IF($D$1=3,$D$11+$C$11*G32+$B$11*(G32)^2,IF($D$1=4,$E$11+$D$11*G32+$C$11*(G32)^2+$B$11*(G32)^3,IF($D$1=5,EXP($C$11)*G32^($B$11),IF($D$1=6,EXP($C$11+G32*$B$11), NA())))))) -> #N/A | J32: =IFERROR(MIN(DA_x1data,DA_x2data)+(MAX(DA_x1data,DA_x2data)-MIN(DA_x1data,DA_x2data))*(F32/100), MIN(DA_x1data)+(MAX(DA_x1data)-MIN(DA_x1data))*(F32/100)) -> #N/A | K32: =IF($D$32=1,$B$48*J32+$C$48,IF($D$32=2,$B$48*J32^2+$C$48*J32+$D$48,IF($D$32=3,$B$48*J32^3+$C$48*J32^2+$D$48*J32+$E$48,IF($D$32=4,$B$48*J32^'Double Analysis'!$G$13,IF($D$32=5,EXP($C$48)*J32^$B$48,IF($D$32=6,EXP($C$48+J32*$B$48),NA())))))) -> #N/A | L32: =IF($D$32=1,$B$54*J32+$C$54,IF($D$32=2,$B$54*J32^2+$C$54*J32+$D$54,IF($D$32=3,$B$54*J32^3+$C$54*J32^2+$D$54*J32+$E$54,IF($D$32=4,$B$54*J32^'Double Analysis'!$G$13,IF($D$32=5,EXP($C$54)*J32^$B$54,IF($D$32=6,EXP($C$54+J32*$B$54),NA())))))) -> #N/A | N32: =IFERROR(SMALL($R$2:$R$102, ROW()-1),NA()) -> #N/A | O32: =IF(ISNUMBER(N32),INDEX(y1Data,MATCH(N32,$R$2:$R$102,0)),NA()) -> #N/A | P32: =IF($D$1=7,O32,NA()) -> #N/A | R32: =IF(Q32<>"",Q32+(0.0000000000001)*(COUNTIF($Q32:Q$102,Q32)-1),"") | Y32: =IF(ISNUMBER(T32),T32," ") | Z32: =IFERROR(SMALL($Y$2:$Y$102,ROW()-1),NA()) -> #N/A | AA32: {=IF(ISNUMBER(Z32),INDEX(DA_y1data,MATCH(Z32,$Y$2:$Y$102,0)),NA())} -> #N/A | AB32: =IF($D$32=7,AA32,NA()) -> #N/A | AC32: =IF(ISNUMBER(V32),V32," ") | AD32: =IFERROR(SMALL($AC$2:$AC$102,ROW()-1),NA()) -> #N/A | AE32: {=IF(ISNUMBER(AD32),INDEX(DA_y2data,MATCH(AD32,$AC$2:$AC$102,0)),NA())} -> #N/A | AF32: =IF($D$32=7,AE32,NA()) -> #N/A | AK32: =MIN('Manual Fitting'!$A$3:$A$32)+(MAX('Manual Fitting'!$A$3:$A$32)-MIN('Manual Fitting'!$A$3:$A$17))*(Guts!F32/100) -> 0 | AL32: =IF($AI$1=1,IF(AND(ISNUMBER($AH$15),ISNUMBER($AH$16)),$AH$15+AK32*$AH$16,NA()),IF($AI$1=2,IF(AND(ISNUMBER($AH$15),ISNUMBER($AH$16),ISNUMBER($AH$17)),$AH$15/(1+((AK32-$AH$16)/$AH$17)^2),NA()),IF($AI$1=3,IF(AND(ISNUMBER($AH$15),ISNUMBER($AH$16),ISNUMBER($AH$17)),$AH$15*EXP((-1)*((AK32-$AH$16)/$AH$17)^2),NA()), IF($AI$1=4,IF(AND(ISNUMBER($AH$15),ISNUMBER($AH$16),ISNUMBER($AH$17),ISNUMBER($AH$18)),$AH$15*SIN((AK32*$AH$16)-$AH$17)+$AH$18,NA()),NA())))) -> 0 | AP32: =IF($AI$1=1,IF(AND(ISNUMBER($AH$15),ISNUMBER($AH$16)),$AH$15+AN32*$AH$16,NA()),IF($AI$1=2,IF(AND(ISNUMBER($AH$15),ISNUMBER($AH$16),ISNUMBER($AH$17)),$AH$15/(1+((AN32-$AH$16)/$AH$17)^2),NA()), IF($AI$1=3,IF(AND(ISNUMBER($AH$15),ISNUMBER($AH$16),ISNUMBER($AH$17)),$AH$15*EXP(-(((AN32-$AH$16)/$AH$17)^2)),NA()),IF($AI$1=4,IF(AND(ISNUMBER($AH$15),ISNUMBER($AH$16),ISNUMBER($AH$17),ISNUMBER($AH$18)),$AH$15*SIN($AH$16*AN32-$AH$17)+$AH$18,NA()),NA())))) -> 0 | AQ32: =(AP32-AO32)^2 -> 0 | AR32: =(AO32-$AO$104)^2 -> #N/A
A33: Last row with x1 data | D33: {=LOOKUP(2,1/ISNUMBER('Double Analysis'!A:A),ROW('Double Analysis'!A:A))} -> #N/A | F33: 31 | G33: =MIN(x1Data)+(MAX(x1Data)-MIN(x1Data))*(F33/100) -> 2480 | H33: =IF($D$1=1,$C$11+$B$11*G33, IF($D$1=2,$B$11*G33^#REF!,IF($D$1=3,$D$11+$C$11*G33+$B$11*(G33)^2,IF($D$1=4,$E$11+$D$11*G33+$C$11*(G33)^2+$B$11*(G33)^3,IF($D$1=5,EXP($C$11)*G33^($B$11),IF($D$1=6,EXP($C$11+G33*$B$11), NA())))))) -> #N/A | J33: =IFERROR(MIN(DA_x1data,DA_x2data)+(MAX(DA_x1data,DA_x2data)-MIN(DA_x1data,DA_x2data))*(F33/100), MIN(DA_x1data)+(MAX(DA_x1data)-MIN(DA_x1data))*(F33/100)) -> #N/A | K33: =IF($D$32=1,$B$48*J33+$C$48,IF($D$32=2,$B$48*J33^2+$C$48*J33+$D$48,IF($D$32=3,$B$48*J33^3+$C$48*J33^2+$D$48*J33+$E$48,IF($D$32=4,$B$48*J33^'Double Analysis'!$G$13,IF($D$32=5,EXP($C$48)*J33^$B$48,IF($D$32=6,EXP($C$48+J33*$B$48),NA())))))) -> #N/A | L33: =IF($D$32=1,$B$54*J33+$C$54,IF($D$32=2,$B$54*J33^2+$C$54*J33+$D$54,IF($D$32=3,$B$54*J33^3+$C$54*J33^2+$D$54*J33+$E$54,IF($D$32=4,$B$54*J33^'Double Analysis'!$G$13,IF($D$32=5,EXP($C$54)*J33^$B$54,IF($D$32=6,EXP($C$54+J33*$B$54),NA())))))) -> #N/A | N33: =IFERROR(SMALL($R$2:$R$102, ROW()-1),NA()) -> #N/A | O33: =IF(ISNUMBER(N33),INDEX(y1Data,MATCH(N33,$R$2:$R$102,0)),NA()) -> #N/A | P33: =IF($D$1=7,O33,NA()) -> #N/A | R33: =IF(Q33<>"",Q33+(0.0000000000001)*(COUNTIF($Q33:Q$102,Q33)-1),"") | Y33: =IF(ISNUMBER(T33),T33," ") | Z33: =IFERROR(SMALL($Y$2:$Y$102,ROW()-1),NA()) -> #N/A | AA33: {=IF(ISNUMBER(Z33),INDEX(DA_y1data,MATCH(Z33,$Y$2:$Y$102,0)),NA())} -> #N/A | AB33: =IF($D$32=7,AA33,NA()) -> #N/A | AC33: =IF(ISNUMBER(V33),V33," ") | AD33: =IFERROR(SMALL($AC$2:$AC$102,ROW()-1),NA()) -> #N/A | AE33: {=IF(ISNUMBER(AD33),INDEX(DA_y2data,MATCH(AD33,$AC$2:$AC$102,0)),NA())} -> #N/A | AF33: =IF($D$32=7,AE33,NA()) -> #N/A | AK33: =MIN('Manual Fitting'!$A$3:$A$32)+(MAX('Manual Fitting'!$A$3:$A$32)-MIN('Manual Fitting'!$A$3:$A$17))*(Guts!F33/100) -> 0 | AL33: =IF($AI$1=1,IF(AND(ISNUMBER($AH$15),ISNUMBER($AH$16)),$AH$15+AK33*$AH$16,NA()),IF($AI$1=2,IF(AND(ISNUMBER($AH$15),ISNUMBER($AH$16),ISNUMBER($AH$17)),$AH$15/(1+((AK33-$AH$16)/$AH$17)^2),NA()),IF($AI$1=3,IF(AND(ISNUMBER($AH$15),ISNUMBER($AH$16),ISNUMBER($AH$17)),$AH$15*EXP((-1)*((AK33-$AH$16)/$AH$17)^2),NA()), IF($AI$1=4,IF(AND(ISNUMBER($AH$15),ISNUMBER($AH$16),ISNUMBER($AH$17),ISNUMBER($AH$18)),$AH$15*SIN((AK33*$AH$16)-$AH$17)+$AH$18,NA()),NA())))) -> 0 | AP33: =IF($AI$1=1,IF(AND(ISNUMBER($AH$15),ISNUMBER($AH$16)),$AH$15+AN33*$AH$16,NA()),IF($AI$1=2,IF(AND(ISNUMBER($AH$15),ISNUMBER($AH$16),ISNUMBER($AH$17)),$AH$15/(1+((AN33-$AH$16)/$AH$17)^2),NA()), IF($AI$1=3,IF(AND(ISNUMBER($AH$15),ISNUMBER($AH$16),ISNUMBER($AH$17)),$AH$15*EXP(-(((AN33-$AH$16)/$AH$17)^2)),NA()),IF($AI$1=4,IF(AND(ISNUMBER($AH$15),ISNUMBER($AH$16),ISNUMBER($AH$17),ISNUMBER($AH$18)),$AH$15*SIN($AH$16*AN33-$AH$17)+$AH$18,NA()),NA())))) -> 0 | AQ33: =(AP33-AO33)^2 -> 0 | AR33: =(AO33-$AO$104)^2 -> #N/A
A34: Last row with y1 data | D34: {=LOOKUP(2,1/ISNUMBER('Double Analysis'!B:B),ROW('Double Analysis'!B:B))} -> #N/A | F34: 32 | G34: =MIN(x1Data)+(MAX(x1Data)-MIN(x1Data))*(F34/100) -> 2560 | H34: =IF($D$1=1,$C$11+$B$11*G34, IF($D$1=2,$B$11*G34^#REF!,IF($D$1=3,$D$11+$C$11*G34+$B$11*(G34)^2,IF($D$1=4,$E$11+$D$11*G34+$C$11*(G34)^2+$B$11*(G34)^3,IF($D$1=5,EXP($C$11)*G34^($B$11),IF($D$1=6,EXP($C$11+G34*$B$11), NA())))))) -> #N/A | J34: =IFERROR(MIN(DA_x1data,DA_x2data)+(MAX(DA_x1data,DA_x2data)-MIN(DA_x1data,DA_x2data))*(F34/100), MIN(DA_x1data)+(MAX(DA_x1data)-MIN(DA_x1data))*(F34/100)) -> #N/A | K34: =IF($D$32=1,$B$48*J34+$C$48,IF($D$32=2,$B$48*J34^2+$C$48*J34+$D$48,IF($D$32=3,$B$48*J34^3+$C$48*J34^2+$D$48*J34+$E$48,IF($D$32=4,$B$48*J34^'Double Analysis'!$G$13,IF($D$32=5,EXP($C$48)*J34^$B$48,IF($D$32=6,EXP($C$48+J34*$B$48),NA())))))) -> #N/A | L34: =IF($D$32=1,$B$54*J34+$C$54,IF($D$32=2,$B$54*J34^2+$C$54*J34+$D$54,IF($D$32=3,$B$54*J34^3+$C$54*J34^2+$D$54*J34+$E$54,IF($D$32=4,$B$54*J34^'Double Analysis'!$G$13,IF($D$32=5,EXP($C$54)*J34^$B$54,IF($D$32=6,EXP($C$54+J34*$B$54),NA())))))) -> #N/A | N34: =IFERROR(SMALL($R$2:$R$102, ROW()-1),NA()) -> #N/A | O34: =IF(ISNUMBER(N34),INDEX(y1Data,MATCH(N34,$R$2:$R$102,0)),NA()) -> #N/A | P34: =IF($D$1=7,O34,NA()) -> #N/A | R34: =IF(Q34<>"",Q34+(0.0000000000001)*(COUNTIF($Q34:Q$102,Q34)-1),"") | Y34: =IF(ISNUMBER(T34),T34," ") | Z34: =IFERROR(SMALL($Y$2:$Y$102,ROW()-1),NA()) -> #N/A | AA34: {=IF(ISNUMBER(Z34),INDEX(DA_y1data,MATCH(Z34,$Y$2:$Y$102,0)),NA())} -> #N/A | AB34: =IF($D$32=7,AA34,NA()) -> #N/A | AC34: =IF(ISNUMBER(V34),V34," ") | AD34: =IFERROR(SMALL($AC$2:$AC$102,ROW()-1),NA()) -> #N/A | AE34: {=IF(ISNUMBER(AD34),INDEX(DA_y2data,MATCH(AD34,$AC$2:$AC$102,0)),NA())} -> #N/A | AF34: =IF($D$32=7,AE34,NA()) -> #N/A | AK34: =MIN('Manual Fitting'!$A$3:$A$32)+(MAX('Manual Fitting'!$A$3:$A$32)-MIN('Manual Fitting'!$A$3:$A$17))*(Guts!F34/100) -> 0 | AL34: =IF($AI$1=1,IF(AND(ISNUMBER($AH$15),ISNUMBER($AH$16)),$AH$15+AK34*$AH$16,NA()),IF($AI$1=2,IF(AND(ISNUMBER($AH$15),ISNUMBER($AH$16),ISNUMBER($AH$17)),$AH$15/(1+((AK34-$AH$16)/$AH$17)^2),NA()),IF($AI$1=3,IF(AND(ISNUMBER($AH$15),ISNUMBER($AH$16),ISNUMBER($AH$17)),$AH$15*EXP((-1)*((AK34-$AH$16)/$AH$17)^2),NA()), IF($AI$1=4,IF(AND(ISNUMBER($AH$15),ISNUMBER($AH$16),ISNUMBER($AH$17),ISNUMBER($AH$18)),$AH$15*SIN((AK34*$AH$16)-$AH$17)+$AH$18,NA()),NA())))) -> 0 | AP34: =IF($AI$1=1,IF(AND(ISNUMBER($AH$15),ISNUMBER($AH$16)),$AH$15+AN34*$AH$16,NA()),IF($AI$1=2,IF(AND(ISNUMBER($AH$15),ISNUMBER($AH$16),ISNUMBER($AH$17)),$AH$15/(1+((AN34-$AH$16)/$AH$17)^2),NA()), IF($AI$1=3,IF(AND(ISNUMBER($AH$15),ISNUMBER($AH$16),ISNUMBER($AH$17)),$AH$15*EXP(-(((AN34-$AH$16)/$AH$17)^2)),NA()),IF($AI$1=4,IF(AND(ISNUMBER($AH$15),ISNUMBER($AH$16),ISNUMBER($AH$17),ISNUMBER($AH$18)),$AH$15*SIN($AH$16*AN34-$AH$17)+$AH$18,NA()),NA())))) -> 0 | AQ34: =(AP34-AO34)^2 -> 0 | AR34: =(AO34-$AO$104)^2 -> #N/A
A35: Last row with paired 1st set data | D35: =MIN(D33,D34) -> #N/A | F35: 33 | G35: =MIN(x1Data)+(MAX(x1Data)-MIN(x1Data))*(F35/100) -> 2640 | H35: =IF($D$1=1,$C$11+$B$11*G35, IF($D$1=2,$B$11*G35^#REF!,IF($D$1=3,$D$11+$C$11*G35+$B$11*(G35)^2,IF($D$1=4,$E$11+$D$11*G35+$C$11*(G35)^2+$B$11*(G35)^3,IF($D$1=5,EXP($C$11)*G35^($B$11),IF($D$1=6,EXP($C$11+G35*$B$11), NA())))))) -> #N/A | J35: =IFERROR(MIN(DA_x1data,DA_x2data)+(MAX(DA_x1data,DA_x2data)-MIN(DA_x1data,DA_x2data))*(F35/100), MIN(DA_x1data)+(MAX(DA_x1data)-MIN(DA_x1data))*(F35/100)) -> #N/A | K35: =IF($D$32=1,$B$48*J35+$C$48,IF($D$32=2,$B$48*J35^2+$C$48*J35+$D$48,IF($D$32=3,$B$48*J35^3+$C$48*J35^2+$D$48*J35+$E$48,IF($D$32=4,$B$48*J35^'Double Analysis'!$G$13,IF($D$32=5,EXP($C$48)*J35^$B$48,IF($D$32=6,EXP($C$48+J35*$B$48),NA())))))) -> #N/A | L35: =IF($D$32=1,$B$54*J35+$C$54,IF($D$32=2,$B$54*J35^2+$C$54*J35+$D$54,IF($D$32=3,$B$54*J35^3+$C$54*J35^2+$D$54*J35+$E$54,IF($D$32=4,$B$54*J35^'Double Analysis'!$G$13,IF($D$32=5,EXP($C$54)*J35^$B$54,IF($D$32=6,EXP($C$54+J35*$B$54),NA())))))) -> #N/A | N35: =IFERROR(SMALL($R$2:$R$102, ROW()-1),NA()) -> #N/A | O35: =IF(ISNUMBER(N35),INDEX(y1Data,MATCH(N35,$R$2:$R$102,0)),NA()) -> #N/A | P35: =IF($D$1=7,O35,NA()) -> #N/A | R35: =IF(Q35<>"",Q35+(0.0000000000001)*(COUNTIF($Q35:Q$102,Q35)-1),"") | Y35: =IF(ISNUMBER(T35),T35," ") | Z35: =IFERROR(SMALL($Y$2:$Y$102,ROW()-1),NA()) -> #N/A | AA35: {=IF(ISNUMBER(Z35),INDEX(DA_y1data,MATCH(Z35,$Y$2:$Y$102,0)),NA())} -> #N/A | AB35: =IF($D$32=7,AA35,NA()) -> #N/A | AC35: =IF(ISNUMBER(V35),V35," ") | AD35: =IFERROR(SMALL($AC$2:$AC$102,ROW()-1),NA()) -> #N/A | AE35: {=IF(ISNUMBER(AD35),INDEX(DA_y2data,MATCH(AD35,$AC$2:$AC$102,0)),NA())} -> #N/A | AF35: =IF($D$32=7,AE35,NA()) -> #N/A | AK35: =MIN('Manual Fitting'!$A$3:$A$32)+(MAX('Manual Fitting'!$A$3:$A$32)-MIN('Manual Fitting'!$A$3:$A$17))*(Guts!F35/100) -> 0 | AL35: =IF($AI$1=1,IF(AND(ISNUMBER($AH$15),ISNUMBER($AH$16)),$AH$15+AK35*$AH$16,NA()),IF($AI$1=2,IF(AND(ISNUMBER($AH$15),ISNUMBER($AH$16),ISNUMBER($AH$17)),$AH$15/(1+((AK35-$AH$16)/$AH$17)^2),NA()),IF($AI$1=3,IF(AND(ISNUMBER($AH$15),ISNUMBER($AH$16),ISNUMBER($AH$17)),$AH$15*EXP((-1)*((AK35-$AH$16)/$AH$17)^2),NA()), IF($AI$1=4,IF(AND(ISNUMBER($AH$15),ISNUMBER($AH$16),ISNUMBER($AH$17),ISNUMBER($AH$18)),$AH$15*SIN((AK35*$AH$16)-$AH$17)+$AH$18,NA()),NA())))) -> 0 | AP35: =IF($AI$1=1,IF(AND(ISNUMBER($AH$15),ISNUMBER($AH$16)),$AH$15+AN35*$AH$16,NA()),IF($AI$1=2,IF(AND(ISNUMBER($AH$15),ISNUMBER($AH$16),ISNUMBER($AH$17)),$AH$15/(1+((AN35-$AH$16)/$AH$17)^2),NA()), IF($AI$1=3,IF(AND(ISNUMBER($AH$15),ISNUMBER($AH$16),ISNUMBER($AH$17)),$AH$15*EXP(-(((AN35-$AH$16)/$AH$17)^2)),NA()),IF($AI$1=4,IF(AND(ISNUMBER($AH$15),ISNUMBER($AH$16),ISNUMBER($AH$17),ISNUMBER($AH$18)),$AH$15*SIN($AH$16*AN35-$AH$17)+$AH$18,NA()),NA())))) -> 0 | AQ35: =(AP35-AO35)^2 -> 0 | AR35: =(AO35-$AO$104)^2 -> #N/A
A36: First row with x1 data | D36: {=MATCH(TRUE,ISNUMBER('Double Analysis'!$A:$A),0)} -> #N/A | F36: 34 | G36: =MIN(x1Data)+(MAX(x1Data)-MIN(x1Data))*(F36/100) -> 2720 | H36: =IF($D$1=1,$C$11+$B$11*G36, IF($D$1=2,$B$11*G36^#REF!,IF($D$1=3,$D$11+$C$11*G36+$B$11*(G36)^2,IF($D$1=4,$E$11+$D$11*G36+$C$11*(G36)^2+$B$11*(G36)^3,IF($D$1=5,EXP($C$11)*G36^($B$11),IF($D$1=6,EXP($C$11+G36*$B$11), NA())))))) -> #N/A | J36: =IFERROR(MIN(DA_x1data,DA_x2data)+(MAX(DA_x1data,DA_x2data)-MIN(DA_x1data,DA_x2data))*(F36/100), MIN(DA_x1data)+(MAX(DA_x1data)-MIN(DA_x1data))*(F36/100)) -> #N/A | K36: =IF($D$32=1,$B$48*J36+$C$48,IF($D$32=2,$B$48*J36^2+$C$48*J36+$D$48,IF($D$32=3,$B$48*J36^3+$C$48*J36^2+$D$48*J36+$E$48,IF($D$32=4,$B$48*J36^'Double Analysis'!$G$13,IF($D$32=5,EXP($C$48)*J36^$B$48,IF($D$32=6,EXP($C$48+J36*$B$48),NA())))))) -> #N/A | L36: =IF($D$32=1,$B$54*J36+$C$54,IF($D$32=2,$B$54*J36^2+$C$54*J36+$D$54,IF($D$32=3,$B$54*J36^3+$C$54*J36^2+$D$54*J36+$E$54,IF($D$32=4,$B$54*J36^'Double Analysis'!$G$13,IF($D$32=5,EXP($C$54)*J36^$B$54,IF($D$32=6,EXP($C$54+J36*$B$54),NA())))))) -> #N/A | N36: =IFERROR(SMALL($R$2:$R$102, ROW()-1),NA()) -> #N/A | O36: =IF(ISNUMBER(N36),INDEX(y1Data,MATCH(N36,$R$2:$R$102,0)),NA()) -> #N/A | P36: =IF($D$1=7,O36,NA()) -> #N/A | R36: =IF(Q36<>"",Q36+(0.0000000000001)*(COUNTIF($Q36:Q$102,Q36)-1),"") | Y36: =IF(ISNUMBER(T36),T36," ") | Z36: =IFERROR(SMALL($Y$2:$Y$102,ROW()-1),NA()) -> #N/A | AA36: {=IF(ISNUMBER(Z36),INDEX(DA_y1data,MATCH(Z36,$Y$2:$Y$102,0)),NA())} -> #N/A | AB36: =IF($D$32=7,AA36,NA()) -> #N/A | AC36: =IF(ISNUMBER(V36),V36," ") | AD36: =IFERROR(SMALL($AC$2:$AC$102,ROW()-1),NA()) -> #N/A | AE36: {=IF(ISNUMBER(AD36),INDEX(DA_y2data,MATCH(AD36,$AC$2:$AC$102,0)),NA())} -> #N/A | AF36: =IF($D$32=7,AE36,NA()) -> #N/A | AK36: =MIN('Manual Fitting'!$A$3:$A$32)+(MAX('Manual Fitting'!$A$3:$A$32)-MIN('Manual Fitting'!$A$3:$A$17))*(Guts!F36/100) -> 0 | AL36: =IF($AI$1=1,IF(AND(ISNUMBER($AH$15),ISNUMBER($AH$16)),$AH$15+AK36*$AH$16,NA()),IF($AI$1=2,IF(AND(ISNUMBER($AH$15),ISNUMBER($AH$16),ISNUMBER($AH$17)),$AH$15/(1+((AK36-$AH$16)/$AH$17)^2),NA()),IF($AI$1=3,IF(AND(ISNUMBER($AH$15),ISNUMBER($AH$16),ISNUMBER($AH$17)),$AH$15*EXP((-1)*((AK36-$AH$16)/$AH$17)^2),NA()), IF($AI$1=4,IF(AND(ISNUMBER($AH$15),ISNUMBER($AH$16),ISNUMBER($AH$17),ISNUMBER($AH$18)),$AH$15*SIN((AK36*$AH$16)-$AH$17)+$AH$18,NA()),NA())))) -> 0 | AP36: =IF($AI$1=1,IF(AND(ISNUMBER($AH$15),ISNUMBER($AH$16)),$AH$15+AN36*$AH$16,NA()),IF($AI$1=2,IF(AND(ISNUMBER($AH$15),ISNUMBER($AH$16),ISNUMBER($AH$17)),$AH$15/(1+((AN36-$AH$16)/$AH$17)^2),NA()), IF($AI$1=3,IF(AND(ISNUMBER($AH$15),ISNUMBER($AH$16),ISNUMBER($AH$17)),$AH$15*EXP(-(((AN36-$AH$16)/$AH$17)^2)),NA()),IF($AI$1=4,IF(AND(ISNUMBER($AH$15),ISNUMBER($AH$16),ISNUMBER($AH$17),ISNUMBER($AH$18)),$AH$15*SIN($AH$16*AN36-$AH$17)+$AH$18,NA()),NA())))) -> 0 | AQ36: =(AP36-AO36)^2 -> 0 | AR36: =(AO36-$AO$104)^2 -> #N/A
A37: First row with y1 data | D37: {=MATCH(TRUE,ISNUMBER('Double Analysis'!$B:$B),0)} -> #N/A | F37: 35 | G37: =MIN(x1Data)+(MAX(x1Data)-MIN(x1Data))*(F37/100) -> 2800 | H37: =IF($D$1=1,$C$11+$B$11*G37, IF($D$1=2,$B$11*G37^#REF!,IF($D$1=3,$D$11+$C$11*G37+$B$11*(G37)^2,IF($D$1=4,$E$11+$D$11*G37+$C$11*(G37)^2+$B$11*(G37)^3,IF($D$1=5,EXP($C$11)*G37^($B$11),IF($D$1=6,EXP($C$11+G37*$B$11), NA())))))) -> #N/A | J37: =IFERROR(MIN(DA_x1data,DA_x2data)+(MAX(DA_x1data,DA_x2data)-MIN(DA_x1data,DA_x2data))*(F37/100), MIN(DA_x1data)+(MAX(DA_x1data)-MIN(DA_x1data))*(F37/100)) -> #N/A | K37: =IF($D$32=1,$B$48*J37+$C$48,IF($D$32=2,$B$48*J37^2+$C$48*J37+$D$48,IF($D$32=3,$B$48*J37^3+$C$48*J37^2+$D$48*J37+$E$48,IF($D$32=4,$B$48*J37^'Double Analysis'!$G$13,IF($D$32=5,EXP($C$48)*J37^$B$48,IF($D$32=6,EXP($C$48+J37*$B$48),NA())))))) -> #N/A | L37: =IF($D$32=1,$B$54*J37+$C$54,IF($D$32=2,$B$54*J37^2+$C$54*J37+$D$54,IF($D$32=3,$B$54*J37^3+$C$54*J37^2+$D$54*J37+$E$54,IF($D$32=4,$B$54*J37^'Double Analysis'!$G$13,IF($D$32=5,EXP($C$54)*J37^$B$54,IF($D$32=6,EXP($C$54+J37*$B$54),NA())))))) -> #N/A | N37: =IFERROR(SMALL($R$2:$R$102, ROW()-1),NA()) -> #N/A | O37: =IF(ISNUMBER(N37),INDEX(y1Data,MATCH(N37,$R$2:$R$102,0)),NA()) -> #N/A | P37: =IF($D$1=7,O37,NA()) -> #N/A | R37: =IF(Q37<>"",Q37+(0.0000000000001)*(COUNTIF($Q37:Q$102,Q37)-1),"") | Y37: =IF(ISNUMBER(T37),T37," ") | Z37: =IFERROR(SMALL($Y$2:$Y$102,ROW()-1),NA()) -> #N/A | AA37: {=IF(ISNUMBER(Z37),INDEX(DA_y1data,MATCH(Z37,$Y$2:$Y$102,0)),NA())} -> #N/A | AB37: =IF($D$32=7,AA37,NA()) -> #N/A | AC37: =IF(ISNUMBER(V37),V37," ") | AD37: =IFERROR(SMALL($AC$2:$AC$102,ROW()-1),NA()) -> #N/A | AE37: {=IF(ISNUMBER(AD37),INDEX(DA_y2data,MATCH(AD37,$AC$2:$AC$102,0)),NA())} -> #N/A | AF37: =IF($D$32=7,AE37,NA()) -> #N/A | AK37: =MIN('Manual Fitting'!$A$3:$A$32)+(MAX('Manual Fitting'!$A$3:$A$32)-MIN('Manual Fitting'!$A$3:$A$17))*(Guts!F37/100) -> 0 | AL37: =IF($AI$1=1,IF(AND(ISNUMBER($AH$15),ISNUMBER($AH$16)),$AH$15+AK37*$AH$16,NA()),IF($AI$1=2,IF(AND(ISNUMBER($AH$15),ISNUMBER($AH$16),ISNUMBER($AH$17)),$AH$15/(1+((AK37-$AH$16)/$AH$17)^2),NA()),IF($AI$1=3,IF(AND(ISNUMBER($AH$15),ISNUMBER($AH$16),ISNUMBER($AH$17)),$AH$15*EXP((-1)*((AK37-$AH$16)/$AH$17)^2),NA()), IF($AI$1=4,IF(AND(ISNUMBER($AH$15),ISNUMBER($AH$16),ISNUMBER($AH$17),ISNUMBER($AH$18)),$AH$15*SIN((AK37*$AH$16)-$AH$17)+$AH$18,NA()),NA())))) -> 0 | AP37: =IF($AI$1=1,IF(AND(ISNUMBER($AH$15),ISNUMBER($AH$16)),$AH$15+AN37*$AH$16,NA()),IF($AI$1=2,IF(AND(ISNUMBER($AH$15),ISNUMBER($AH$16),ISNUMBER($AH$17)),$AH$15/(1+((AN37-$AH$16)/$AH$17)^2),NA()), IF($AI$1=3,IF(AND(ISNUMBER($AH$15),ISNUMBER($AH$16),ISNUMBER($AH$17)),$AH$15*EXP(-(((AN37-$AH$16)/$AH$17)^2)),NA()),IF($AI$1=4,IF(AND(ISNUMBER($AH$15),ISNUMBER($AH$16),ISNUMBER($AH$17),ISNUMBER($AH$18)),$AH$15*SIN($AH$16*AN37-$AH$17)+$AH$18,NA()),NA())))) -> 0 | AQ37: =(AP37-AO37)^2 -> 0 | AR37: =(AO37-$AO$104)^2 -> #N/A
A38: First row with paired 1st set data | D38: =MAX(D36:D37) -> #N/A | F38: 36 | G38: =MIN(x1Data)+(MAX(x1Data)-MIN(x1Data))*(F38/100) -> 2880 | H38: =IF($D$1=1,$C$11+$B$11*G38, IF($D$1=2,$B$11*G38^#REF!,IF($D$1=3,$D$11+$C$11*G38+$B$11*(G38)^2,IF($D$1=4,$E$11+$D$11*G38+$C$11*(G38)^2+$B$11*(G38)^3,IF($D$1=5,EXP($C$11)*G38^($B$11),IF($D$1=6,EXP($C$11+G38*$B$11), NA())))))) -> #N/A | J38: =IFERROR(MIN(DA_x1data,DA_x2data)+(MAX(DA_x1data,DA_x2data)-MIN(DA_x1data,DA_x2data))*(F38/100), MIN(DA_x1data)+(MAX(DA_x1data)-MIN(DA_x1data))*(F38/100)) -> #N/A | K38: =IF($D$32=1,$B$48*J38+$C$48,IF($D$32=2,$B$48*J38^2+$C$48*J38+$D$48,IF($D$32=3,$B$48*J38^3+$C$48*J38^2+$D$48*J38+$E$48,IF($D$32=4,$B$48*J38^'Double Analysis'!$G$13,IF($D$32=5,EXP($C$48)*J38^$B$48,IF($D$32=6,EXP($C$48+J38*$B$48),NA())))))) -> #N/A | L38: =IF($D$32=1,$B$54*J38+$C$54,IF($D$32=2,$B$54*J38^2+$C$54*J38+$D$54,IF($D$32=3,$B$54*J38^3+$C$54*J38^2+$D$54*J38+$E$54,IF($D$32=4,$B$54*J38^'Double Analysis'!$G$13,IF($D$32=5,EXP($C$54)*J38^$B$54,IF($D$32=6,EXP($C$54+J38*$B$54),NA())))))) -> #N/A | N38: =IFERROR(SMALL($R$2:$R$102, ROW()-1),NA()) -> #N/A | O38: =IF(ISNUMBER(N38),INDEX(y1Data,MATCH(N38,$R$2:$R$102,0)),NA()) -> #N/A | P38: =IF($D$1=7,O38,NA()) -> #N/A | R38: =IF(Q38<>"",Q38+(0.0000000000001)*(COUNTIF($Q38:Q$102,Q38)-1),"") | Y38: =IF(ISNUMBER(T38),T38," ") | Z38: =IFERROR(SMALL($Y$2:$Y$102,ROW()-1),NA()) -> #N/A | AA38: {=IF(ISNUMBER(Z38),INDEX(DA_y1data,MATCH(Z38,$Y$2:$Y$102,0)),NA())} -> #N/A | AB38: =IF($D$32=7,AA38,NA()) -> #N/A | AC38: =IF(ISNUMBER(V38),V38," ") | AD38: =IFERROR(SMALL($AC$2:$AC$102,ROW()-1),NA()) -> #N/A | AE38: {=IF(ISNUMBER(AD38),INDEX(DA_y2data,MATCH(AD38,$AC$2:$AC$102,0)),NA())} -> #N/A | AF38: =IF($D$32=7,AE38,NA()) -> #N/A | AK38: =MIN('Manual Fitting'!$A$3:$A$32)+(MAX('Manual Fitting'!$A$3:$A$32)-MIN('Manual Fitting'!$A$3:$A$17))*(Guts!F38/100) -> 0 | AL38: =IF($AI$1=1,IF(AND(ISNUMBER($AH$15),ISNUMBER($AH$16)),$AH$15+AK38*$AH$16,NA()),IF($AI$1=2,IF(AND(ISNUMBER($AH$15),ISNUMBER($AH$16),ISNUMBER($AH$17)),$AH$15/(1+((AK38-$AH$16)/$AH$17)^2),NA()),IF($AI$1=3,IF(AND(ISNUMBER($AH$15),ISNUMBER($AH$16),ISNUMBER($AH$17)),$AH$15*EXP((-1)*((AK38-$AH$16)/$AH$17)^2),NA()), IF($AI$1=4,IF(AND(ISNUMBER($AH$15),ISNUMBER($AH$16),ISNUMBER($AH$17),ISNUMBER($AH$18)),$AH$15*SIN((AK38*$AH$16)-$AH$17)+$AH$18,NA()),NA())))) -> 0 | AP38: =IF($AI$1=1,IF(AND(ISNUMBER($AH$15),ISNUMBER($AH$16)),$AH$15+AN38*$AH$16,NA()),IF($AI$1=2,IF(AND(ISNUMBER($AH$15),ISNUMBER($AH$16),ISNUMBER($AH$17)),$AH$15/(1+((AN38-$AH$16)/$AH$17)^2),NA()), IF($AI$1=3,IF(AND(ISNUMBER($AH$15),ISNUMBER($AH$16),ISNUMBER($AH$17)),$AH$15*EXP(-(((AN38-$AH$16)/$AH$17)^2)),NA()),IF($AI$1=4,IF(AND(ISNUMBER($AH$15),ISNUMBER($AH$16),ISNUMBER($AH$17),ISNUMBER($AH$18)),$AH$15*SIN($AH$16*AN38-$AH$17)+$AH$18,NA()),NA())))) -> 0 | AQ38: =(AP38-AO38)^2 -> 0 | AR38: =(AO38-$AO$104)^2 -> #N/A
A39: Last row with x2 data | D39: {=LOOKUP(2,1/ISNUMBER('Double Analysis'!D:D),ROW('Double Analysis'!D:D))} -> #N/A | F39: 37 | G39: =MIN(x1Data)+(MAX(x1Data)-MIN(x1Data))*(F39/100) -> 2960 | H39: =IF($D$1=1,$C$11+$B$11*G39, IF($D$1=2,$B$11*G39^#REF!,IF($D$1=3,$D$11+$C$11*G39+$B$11*(G39)^2,IF($D$1=4,$E$11+$D$11*G39+$C$11*(G39)^2+$B$11*(G39)^3,IF($D$1=5,EXP($C$11)*G39^($B$11),IF($D$1=6,EXP($C$11+G39*$B$11), NA())))))) -> #N/A | J39: =IFERROR(MIN(DA_x1data,DA_x2data)+(MAX(DA_x1data,DA_x2data)-MIN(DA_x1data,DA_x2data))*(F39/100), MIN(DA_x1data)+(MAX(DA_x1data)-MIN(DA_x1data))*(F39/100)) -> #N/A | K39: =IF($D$32=1,$B$48*J39+$C$48,IF($D$32=2,$B$48*J39^2+$C$48*J39+$D$48,IF($D$32=3,$B$48*J39^3+$C$48*J39^2+$D$48*J39+$E$48,IF($D$32=4,$B$48*J39^'Double Analysis'!$G$13,IF($D$32=5,EXP($C$48)*J39^$B$48,IF($D$32=6,EXP($C$48+J39*$B$48),NA())))))) -> #N/A | L39: =IF($D$32=1,$B$54*J39+$C$54,IF($D$32=2,$B$54*J39^2+$C$54*J39+$D$54,IF($D$32=3,$B$54*J39^3+$C$54*J39^2+$D$54*J39+$E$54,IF($D$32=4,$B$54*J39^'Double Analysis'!$G$13,IF($D$32=5,EXP($C$54)*J39^$B$54,IF($D$32=6,EXP($C$54+J39*$B$54),NA())))))) -> #N/A | N39: =IFERROR(SMALL($R$2:$R$102, ROW()-1),NA()) -> #N/A | O39: =IF(ISNUMBER(N39),INDEX(y1Data,MATCH(N39,$R$2:$R$102,0)),NA()) -> #N/A | P39: =IF($D$1=7,O39,NA()) -> #N/A | R39: =IF(Q39<>"",Q39+(0.0000000000001)*(COUNTIF($Q39:Q$102,Q39)-1),"") | Y39: =IF(ISNUMBER(T39),T39," ") | Z39: =IFERROR(SMALL($Y$2:$Y$102,ROW()-1),NA()) -> #N/A | AA39: {=IF(ISNUMBER(Z39),INDEX(DA_y1data,MATCH(Z39,$Y$2:$Y$102,0)),NA())} -> #N/A | AB39: =IF($D$32=7,AA39,NA()) -> #N/A | AC39: =IF(ISNUMBER(V39),V39," ") | AD39: =IFERROR(SMALL($AC$2:$AC$102,ROW()-1),NA()) -> #N/A | AE39: {=IF(ISNUMBER(AD39),INDEX(DA_y2data,MATCH(AD39,$AC$2:$AC$102,0)),NA())} -> #N/A | AF39: =IF($D$32=7,AE39,NA()) -> #N/A | AK39: =MIN('Manual Fitting'!$A$3:$A$32)+(MAX('Manual Fitting'!$A$3:$A$32)-MIN('Manual Fitting'!$A$3:$A$17))*(Guts!F39/100) -> 0 | AL39: =IF($AI$1=1,IF(AND(ISNUMBER($AH$15),ISNUMBER($AH$16)),$AH$15+AK39*$AH$16,NA()),IF($AI$1=2,IF(AND(ISNUMBER($AH$15),ISNUMBER($AH$16),ISNUMBER($AH$17)),$AH$15/(1+((AK39-$AH$16)/$AH$17)^2),NA()),IF($AI$1=3,IF(AND(ISNUMBER($AH$15),ISNUMBER($AH$16),ISNUMBER($AH$17)),$AH$15*EXP((-1)*((AK39-$AH$16)/$AH$17)^2),NA()), IF($AI$1=4,IF(AND(ISNUMBER($AH$15),ISNUMBER($AH$16),ISNUMBER($AH$17),ISNUMBER($AH$18)),$AH$15*SIN((AK39*$AH$16)-$AH$17)+$AH$18,NA()),NA())))) -> 0 | AP39: =IF($AI$1=1,IF(AND(ISNUMBER($AH$15),ISNUMBER($AH$16)),$AH$15+AN39*$AH$16,NA()),IF($AI$1=2,IF(AND(ISNUMBER($AH$15),ISNUMBER($AH$16),ISNUMBER($AH$17)),$AH$15/(1+((AN39-$AH$16)/$AH$17)^2),NA()), IF($AI$1=3,IF(AND(ISNUMBER($AH$15),ISNUMBER($AH$16),ISNUMBER($AH$17)),$AH$15*EXP(-(((AN39-$AH$16)/$AH$17)^2)),NA()),IF($AI$1=4,IF(AND(ISNUMBER($AH$15),ISNUMBER($AH$16),ISNUMBER($AH$17),ISNUMBER($AH$18)),$AH$15*SIN($AH$16*AN39-$AH$17)+$AH$18,NA()),NA())))) -> 0 | AQ39: =(AP39-AO39)^2 -> 0 | AR39: =(AO39-$AO$104)^2 -> #N/A
A40: Last row with y2 data | D40: {=LOOKUP(2,1/ISNUMBER('Double Analysis'!E:E),ROW('Double Analysis'!E:E))} -> #N/A | F40: 38 | G40: =MIN(x1Data)+(MAX(x1Data)-MIN(x1Data))*(F40/100) -> 3040 | H40: =IF($D$1=1,$C$11+$B$11*G40, IF($D$1=2,$B$11*G40^#REF!,IF($D$1=3,$D$11+$C$11*G40+$B$11*(G40)^2,IF($D$1=4,$E$11+$D$11*G40+$C$11*(G40)^2+$B$11*(G40)^3,IF($D$1=5,EXP($C$11)*G40^($B$11),IF($D$1=6,EXP($C$11+G40*$B$11), NA())))))) -> #N/A | J40: =IFERROR(MIN(DA_x1data,DA_x2data)+(MAX(DA_x1data,DA_x2data)-MIN(DA_x1data,DA_x2data))*(F40/100), MIN(DA_x1data)+(MAX(DA_x1data)-MIN(DA_x1data))*(F40/100)) -> #N/A | K40: =IF($D$32=1,$B$48*J40+$C$48,IF($D$32=2,$B$48*J40^2+$C$48*J40+$D$48,IF($D$32=3,$B$48*J40^3+$C$48*J40^2+$D$48*J40+$E$48,IF($D$32=4,$B$48*J40^'Double Analysis'!$G$13,IF($D$32=5,EXP($C$48)*J40^$B$48,IF($D$32=6,EXP($C$48+J40*$B$48),NA())))))) -> #N/A | L40: =IF($D$32=1,$B$54*J40+$C$54,IF($D$32=2,$B$54*J40^2+$C$54*J40+$D$54,IF($D$32=3,$B$54*J40^3+$C$54*J40^2+$D$54*J40+$E$54,IF($D$32=4,$B$54*J40^'Double Analysis'!$G$13,IF($D$32=5,EXP($C$54)*J40^$B$54,IF($D$32=6,EXP($C$54+J40*$B$54),NA())))))) -> #N/A | N40: =IFERROR(SMALL($R$2:$R$102, ROW()-1),NA()) -> #N/A | O40: =IF(ISNUMBER(N40),INDEX(y1Data,MATCH(N40,$R$2:$R$102,0)),NA()) -> #N/A | P40: =IF($D$1=7,O40,NA()) -> #N/A | R40: =IF(Q40<>"",Q40+(0.0000000000001)*(COUNTIF($Q40:Q$102,Q40)-1),"") | Y40: =IF(ISNUMBER(T40),T40," ") | Z40: =IFERROR(SMALL($Y$2:$Y$102,ROW()-1),NA()) -> #N/A | AA40: {=IF(ISNUMBER(Z40),INDEX(DA_y1data,MATCH(Z40,$Y$2:$Y$102,0)),NA())} -> #N/A | AB40: =IF($D$32=7,AA40,NA()) -> #N/A | AC40: =IF(ISNUMBER(V40),V40," ") | AD40: =IFERROR(SMALL($AC$2:$AC$102,ROW()-1),NA()) -> #N/A | AE40: {=IF(ISNUMBER(AD40),INDEX(DA_y2data,MATCH(AD40,$AC$2:$AC$102,0)),NA())} -> #N/A | AF40: =IF($D$32=7,AE40,NA()) -> #N/A | AK40: =MIN('Manual Fitting'!$A$3:$A$32)+(MAX('Manual Fitting'!$A$3:$A$32)-MIN('Manual Fitting'!$A$3:$A$17))*(Guts!F40/100) -> 0 | AL40: =IF($AI$1=1,IF(AND(ISNUMBER($AH$15),ISNUMBER($AH$16)),$AH$15+AK40*$AH$16,NA()),IF($AI$1=2,IF(AND(ISNUMBER($AH$15),ISNUMBER($AH$16),ISNUMBER($AH$17)),$AH$15/(1+((AK40-$AH$16)/$AH$17)^2),NA()),IF($AI$1=3,IF(AND(ISNUMBER($AH$15),ISNUMBER($AH$16),ISNUMBER($AH$17)),$AH$15*EXP((-1)*((AK40-$AH$16)/$AH$17)^2),NA()), IF($AI$1=4,IF(AND(ISNUMBER($AH$15),ISNUMBER($AH$16),ISNUMBER($AH$17),ISNUMBER($AH$18)),$AH$15*SIN((AK40*$AH$16)-$AH$17)+$AH$18,NA()),NA())))) -> 0 | AP40: =IF($AI$1=1,IF(AND(ISNUMBER($AH$15),ISNUMBER($AH$16)),$AH$15+AN40*$AH$16,NA()),IF($AI$1=2,IF(AND(ISNUMBER($AH$15),ISNUMBER($AH$16),ISNUMBER($AH$17)),$AH$15/(1+((AN40-$AH$16)/$AH$17)^2),NA()), IF($AI$1=3,IF(AND(ISNUMBER($AH$15),ISNUMBER($AH$16),ISNUMBER($AH$17)),$AH$15*EXP(-(((AN40-$AH$16)/$AH$17)^2)),NA()),IF($AI$1=4,IF(AND(ISNUMBER($AH$15),ISNUMBER($AH$16),ISNUMBER($AH$17),ISNUMBER($AH$18)),$AH$15*SIN($AH$16*AN40-$AH$17)+$AH$18,NA()),NA())))) -> 0 | AQ40: =(AP40-AO40)^2 -> 0 | AR40: =(AO40-$AO$104)^2 -> #N/A
A41: Last row with paired 2nd set data | D41: =MIN(D39,D40) -> #N/A | F41: 39 | G41: =MIN(x1Data)+(MAX(x1Data)-MIN(x1Data))*(F41/100) -> 3120 | H41: =IF($D$1=1,$C$11+$B$11*G41, IF($D$1=2,$B$11*G41^#REF!,IF($D$1=3,$D$11+$C$11*G41+$B$11*(G41)^2,IF($D$1=4,$E$11+$D$11*G41+$C$11*(G41)^2+$B$11*(G41)^3,IF($D$1=5,EXP($C$11)*G41^($B$11),IF($D$1=6,EXP($C$11+G41*$B$11), NA())))))) -> #N/A | J41: =IFERROR(MIN(DA_x1data,DA_x2data)+(MAX(DA_x1data,DA_x2data)-MIN(DA_x1data,DA_x2data))*(F41/100), MIN(DA_x1data)+(MAX(DA_x1data)-MIN(DA_x1data))*(F41/100)) -> #N/A | K41: =IF($D$32=1,$B$48*J41+$C$48,IF($D$32=2,$B$48*J41^2+$C$48*J41+$D$48,IF($D$32=3,$B$48*J41^3+$C$48*J41^2+$D$48*J41+$E$48,IF($D$32=4,$B$48*J41^'Double Analysis'!$G$13,IF($D$32=5,EXP($C$48)*J41^$B$48,IF($D$32=6,EXP($C$48+J41*$B$48),NA())))))) -> #N/A | L41: =IF($D$32=1,$B$54*J41+$C$54,IF($D$32=2,$B$54*J41^2+$C$54*J41+$D$54,IF($D$32=3,$B$54*J41^3+$C$54*J41^2+$D$54*J41+$E$54,IF($D$32=4,$B$54*J41^'Double Analysis'!$G$13,IF($D$32=5,EXP($C$54)*J41^$B$54,IF($D$32=6,EXP($C$54+J41*$B$54),NA())))))) -> #N/A | N41: =IFERROR(SMALL($R$2:$R$102, ROW()-1),NA()) -> #N/A | O41: =IF(ISNUMBER(N41),INDEX(y1Data,MATCH(N41,$R$2:$R$102,0)),NA()) -> #N/A | P41: =IF($D$1=7,O41,NA()) -> #N/A | R41: =IF(Q41<>"",Q41+(0.0000000000001)*(COUNTIF($Q41:Q$102,Q41)-1),"") | Y41: =IF(ISNUMBER(T41),T41," ") | Z41: =IFERROR(SMALL($Y$2:$Y$102,ROW()-1),NA()) -> #N/A | AA41: {=IF(ISNUMBER(Z41),INDEX(DA_y1data,MATCH(Z41,$Y$2:$Y$102,0)),NA())} -> #N/A | AB41: =IF($D$32=7,AA41,NA()) -> #N/A | AC41: =IF(ISNUMBER(V41),V41," ") | AD41: =IFERROR(SMALL($AC$2:$AC$102,ROW()-1),NA()) -> #N/A | AE41: {=IF(ISNUMBER(AD41),INDEX(DA_y2data,MATCH(AD41,$AC$2:$AC$102,0)),NA())} -> #N/A | AF41: =IF($D$32=7,AE41,NA()) -> #N/A | AK41: =MIN('Manual Fitting'!$A$3:$A$32)+(MAX('Manual Fitting'!$A$3:$A$32)-MIN('Manual Fitting'!$A$3:$A$17))*(Guts!F41/100) -> 0 | AL41: =IF($AI$1=1,IF(AND(ISNUMBER($AH$15),ISNUMBER($AH$16)),$AH$15+AK41*$AH$16,NA()),IF($AI$1=2,IF(AND(ISNUMBER($AH$15),ISNUMBER($AH$16),ISNUMBER($AH$17)),$AH$15/(1+((AK41-$AH$16)/$AH$17)^2),NA()),IF($AI$1=3,IF(AND(ISNUMBER($AH$15),ISNUMBER($AH$16),ISNUMBER($AH$17)),$AH$15*EXP((-1)*((AK41-$AH$16)/$AH$17)^2),NA()), IF($AI$1=4,IF(AND(ISNUMBER($AH$15),ISNUMBER($AH$16),ISNUMBER($AH$17),ISNUMBER($AH$18)),$AH$15*SIN((AK41*$AH$16)-$AH$17)+$AH$18,NA()),NA())))) -> 0 | AP41: =IF($AI$1=1,IF(AND(ISNUMBER($AH$15),ISNUMBER($AH$16)),$AH$15+AN41*$AH$16,NA()),IF($AI$1=2,IF(AND(ISNUMBER($AH$15),ISNUMBER($AH$16),ISNUMBER($AH$17)),$AH$15/(1+((AN41-$AH$16)/$AH$17)^2),NA()), IF($AI$1=3,IF(AND(ISNUMBER($AH$15),ISNUMBER($AH$16),ISNUMBER($AH$17)),$AH$15*EXP(-(((AN41-$AH$16)/$AH$17)^2)),NA()),IF($AI$1=4,IF(AND(ISNUMBER($AH$15),ISNUMBER($AH$16),ISNUMBER($AH$17),ISNUMBER($AH$18)),$AH$15*SIN($AH$16*AN41-$AH$17)+$AH$18,NA()),NA())))) -> 0 | AQ41: =(AP41-AO41)^2 -> 0 | AR41: =(AO41-$AO$104)^2 -> #N/A
A42: First row with x2 data | D42: {=MATCH(TRUE,ISNUMBER('Double Analysis'!$D:$D),0)} -> #N/A | F42: 40 | G42: =MIN(x1Data)+(MAX(x1Data)-MIN(x1Data))*(F42/100) -> 3200 | H42: =IF($D$1=1,$C$11+$B$11*G42, IF($D$1=2,$B$11*G42^#REF!,IF($D$1=3,$D$11+$C$11*G42+$B$11*(G42)^2,IF($D$1=4,$E$11+$D$11*G42+$C$11*(G42)^2+$B$11*(G42)^3,IF($D$1=5,EXP($C$11)*G42^($B$11),IF($D$1=6,EXP($C$11+G42*$B$11), NA())))))) -> #N/A | J42: =IFERROR(MIN(DA_x1data,DA_x2data)+(MAX(DA_x1data,DA_x2data)-MIN(DA_x1data,DA_x2data))*(F42/100), MIN(DA_x1data)+(MAX(DA_x1data)-MIN(DA_x1data))*(F42/100)) -> #N/A | K42: =IF($D$32=1,$B$48*J42+$C$48,IF($D$32=2,$B$48*J42^2+$C$48*J42+$D$48,IF($D$32=3,$B$48*J42^3+$C$48*J42^2+$D$48*J42+$E$48,IF($D$32=4,$B$48*J42^'Double Analysis'!$G$13,IF($D$32=5,EXP($C$48)*J42^$B$48,IF($D$32=6,EXP($C$48+J42*$B$48),NA())))))) -> #N/A | L42: =IF($D$32=1,$B$54*J42+$C$54,IF($D$32=2,$B$54*J42^2+$C$54*J42+$D$54,IF($D$32=3,$B$54*J42^3+$C$54*J42^2+$D$54*J42+$E$54,IF($D$32=4,$B$54*J42^'Double Analysis'!$G$13,IF($D$32=5,EXP($C$54)*J42^$B$54,IF($D$32=6,EXP($C$54+J42*$B$54),NA())))))) -> #N/A | N42: =IFERROR(SMALL($R$2:$R$102, ROW()-1),NA()) -> #N/A | O42: =IF(ISNUMBER(N42),INDEX(y1Data,MATCH(N42,$R$2:$R$102,0)),NA()) -> #N/A | P42: =IF($D$1=7,O42,NA()) -> #N/A | R42: =IF(Q42<>"",Q42+(0.0000000000001)*(COUNTIF($Q42:Q$102,Q42)-1),"") | Y42: =IF(ISNUMBER(T42),T42," ") | Z42: =IFERROR(SMALL($Y$2:$Y$102,ROW()-1),NA()) -> #N/A | AA42: {=IF(ISNUMBER(Z42),INDEX(DA_y1data,MATCH(Z42,$Y$2:$Y$102,0)),NA())} -> #N/A | AB42: =IF($D$32=7,AA42,NA()) -> #N/A | AC42: =IF(ISNUMBER(V42),V42," ") | AD42: =IFERROR(SMALL($AC$2:$AC$102,ROW()-1),NA()) -> #N/A | AE42: {=IF(ISNUMBER(AD42),INDEX(DA_y2data,MATCH(AD42,$AC$2:$AC$102,0)),NA())} -> #N/A | AF42: =IF($D$32=7,AE42,NA()) -> #N/A | AK42: =MIN('Manual Fitting'!$A$3:$A$32)+(MAX('Manual Fitting'!$A$3:$A$32)-MIN('Manual Fitting'!$A$3:$A$17))*(Guts!F42/100) -> 0 | AL42: =IF($AI$1=1,IF(AND(ISNUMBER($AH$15),ISNUMBER($AH$16)),$AH$15+AK42*$AH$16,NA()),IF($AI$1=2,IF(AND(ISNUMBER($AH$15),ISNUMBER($AH$16),ISNUMBER($AH$17)),$AH$15/(1+((AK42-$AH$16)/$AH$17)^2),NA()),IF($AI$1=3,IF(AND(ISNUMBER($AH$15),ISNUMBER($AH$16),ISNUMBER($AH$17)),$AH$15*EXP((-1)*((AK42-$AH$16)/$AH$17)^2),NA()), IF($AI$1=4,IF(AND(ISNUMBER($AH$15),ISNUMBER($AH$16),ISNUMBER($AH$17),ISNUMBER($AH$18)),$AH$15*SIN((AK42*$AH$16)-$AH$17)+$AH$18,NA()),NA())))) -> 0 | AP42: =IF($AI$1=1,IF(AND(ISNUMBER($AH$15),ISNUMBER($AH$16)),$AH$15+AN42*$AH$16,NA()),IF($AI$1=2,IF(AND(ISNUMBER($AH$15),ISNUMBER($AH$16),ISNUMBER($AH$17)),$AH$15/(1+((AN42-$AH$16)/$AH$17)^2),NA()), IF($AI$1=3,IF(AND(ISNUMBER($AH$15),ISNUMBER($AH$16),ISNUMBER($AH$17)),$AH$15*EXP(-(((AN42-$AH$16)/$AH$17)^2)),NA()),IF($AI$1=4,IF(AND(ISNUMBER($AH$15),ISNUMBER($AH$16),ISNUMBER($AH$17),ISNUMBER($AH$18)),$AH$15*SIN($AH$16*AN42-$AH$17)+$AH$18,NA()),NA())))) -> 0 | AQ42: =(AP42-AO42)^2 -> 0 | AR42: =(AO42-$AO$104)^2 -> #N/A
A43: First row with y2 data | D43: {=MATCH(TRUE,ISNUMBER('Double Analysis'!$E:$E),0)} -> #N/A | F43: 41 | G43: =MIN(x1Data)+(MAX(x1Data)-MIN(x1Data))*(F43/100) -> 3280 | H43: =IF($D$1=1,$C$11+$B$11*G43, IF($D$1=2,$B$11*G43^#REF!,IF($D$1=3,$D$11+$C$11*G43+$B$11*(G43)^2,IF($D$1=4,$E$11+$D$11*G43+$C$11*(G43)^2+$B$11*(G43)^3,IF($D$1=5,EXP($C$11)*G43^($B$11),IF($D$1=6,EXP($C$11+G43*$B$11), NA())))))) -> #N/A | J43: =IFERROR(MIN(DA_x1data,DA_x2data)+(MAX(DA_x1data,DA_x2data)-MIN(DA_x1data,DA_x2data))*(F43/100), MIN(DA_x1data)+(MAX(DA_x1data)-MIN(DA_x1data))*(F43/100)) -> #N/A | K43: =IF($D$32=1,$B$48*J43+$C$48,IF($D$32=2,$B$48*J43^2+$C$48*J43+$D$48,IF($D$32=3,$B$48*J43^3+$C$48*J43^2+$D$48*J43+$E$48,IF($D$32=4,$B$48*J43^'Double Analysis'!$G$13,IF($D$32=5,EXP($C$48)*J43^$B$48,IF($D$32=6,EXP($C$48+J43*$B$48),NA())))))) -> #N/A | L43: =IF($D$32=1,$B$54*J43+$C$54,IF($D$32=2,$B$54*J43^2+$C$54*J43+$D$54,IF($D$32=3,$B$54*J43^3+$C$54*J43^2+$D$54*J43+$E$54,IF($D$32=4,$B$54*J43^'Double Analysis'!$G$13,IF($D$32=5,EXP($C$54)*J43^$B$54,IF($D$32=6,EXP($C$54+J43*$B$54),NA())))))) -> #N/A | N43: =IFERROR(SMALL($R$2:$R$102, ROW()-1),NA()) -> #N/A | O43: =IF(ISNUMBER(N43),INDEX(y1Data,MATCH(N43,$R$2:$R$102,0)),NA()) -> #N/A | P43: =IF($D$1=7,O43,NA()) -> #N/A | R43: =IF(Q43<>"",Q43+(0.0000000000001)*(COUNTIF($Q43:Q$102,Q43)-1),"") | Y43: =IF(ISNUMBER(T43),T43," ") | Z43: =IFERROR(SMALL($Y$2:$Y$102,ROW()-1),NA()) -> #N/A | AA43: {=IF(ISNUMBER(Z43),INDEX(DA_y1data,MATCH(Z43,$Y$2:$Y$102,0)),NA())} -> #N/A | AB43: =IF($D$32=7,AA43,NA()) -> #N/A | AC43: =IF(ISNUMBER(V43),V43," ") | AD43: =IFERROR(SMALL($AC$2:$AC$102,ROW()-1),NA()) -> #N/A | AE43: {=IF(ISNUMBER(AD43),INDEX(DA_y2data,MATCH(AD43,$AC$2:$AC$102,0)),NA())} -> #N/A | AF43: =IF($D$32=7,AE43,NA()) -> #N/A | AK43: =MIN('Manual Fitting'!$A$3:$A$32)+(MAX('Manual Fitting'!$A$3:$A$32)-MIN('Manual Fitting'!$A$3:$A$17))*(Guts!F43/100) -> 0 | AL43: =IF($AI$1=1,IF(AND(ISNUMBER($AH$15),ISNUMBER($AH$16)),$AH$15+AK43*$AH$16,NA()),IF($AI$1=2,IF(AND(ISNUMBER($AH$15),ISNUMBER($AH$16),ISNUMBER($AH$17)),$AH$15/(1+((AK43-$AH$16)/$AH$17)^2),NA()),IF($AI$1=3,IF(AND(ISNUMBER($AH$15),ISNUMBER($AH$16),ISNUMBER($AH$17)),$AH$15*EXP((-1)*((AK43-$AH$16)/$AH$17)^2),NA()), IF($AI$1=4,IF(AND(ISNUMBER($AH$15),ISNUMBER($AH$16),ISNUMBER($AH$17),ISNUMBER($AH$18)),$AH$15*SIN((AK43*$AH$16)-$AH$17)+$AH$18,NA()),NA())))) -> 0 | AP43: =IF($AI$1=1,IF(AND(ISNUMBER($AH$15),ISNUMBER($AH$16)),$AH$15+AN43*$AH$16,NA()),IF($AI$1=2,IF(AND(ISNUMBER($AH$15),ISNUMBER($AH$16),ISNUMBER($AH$17)),$AH$15/(1+((AN43-$AH$16)/$AH$17)^2),NA()), IF($AI$1=3,IF(AND(ISNUMBER($AH$15),ISNUMBER($AH$16),ISNUMBER($AH$17)),$AH$15*EXP(-(((AN43-$AH$16)/$AH$17)^2)),NA()),IF($AI$1=4,IF(AND(ISNUMBER($AH$15),ISNUMBER($AH$16),ISNUMBER($AH$17),ISNUMBER($AH$18)),$AH$15*SIN($AH$16*AN43-$AH$17)+$AH$18,NA()),NA())))) -> 0 | AQ43: =(AP43-AO43)^2 -> 0 | AR43: =(AO43-$AO$104)^2 -> #N/A
A44: First row with paired 2nd set data | D44: =MAX(D42:D43) -> #N/A | F44: 42 | G44: =MIN(x1Data)+(MAX(x1Data)-MIN(x1Data))*(F44/100) -> 3360 | H44: =IF($D$1=1,$C$11+$B$11*G44, IF($D$1=2,$B$11*G44^#REF!,IF($D$1=3,$D$11+$C$11*G44+$B$11*(G44)^2,IF($D$1=4,$E$11+$D$11*G44+$C$11*(G44)^2+$B$11*(G44)^3,IF($D$1=5,EXP($C$11)*G44^($B$11),IF($D$1=6,EXP($C$11+G44*$B$11), NA())))))) -> #N/A | J44: =IFERROR(MIN(DA_x1data,DA_x2data)+(MAX(DA_x1data,DA_x2data)-MIN(DA_x1data,DA_x2data))*(F44/100), MIN(DA_x1data)+(MAX(DA_x1data)-MIN(DA_x1data))*(F44/100)) -> #N/A | K44: =IF($D$32=1,$B$48*J44+$C$48,IF($D$32=2,$B$48*J44^2+$C$48*J44+$D$48,IF($D$32=3,$B$48*J44^3+$C$48*J44^2+$D$48*J44+$E$48,IF($D$32=4,$B$48*J44^'Double Analysis'!$G$13,IF($D$32=5,EXP($C$48)*J44^$B$48,IF($D$32=6,EXP($C$48+J44*$B$48),NA())))))) -> #N/A | L44: =IF($D$32=1,$B$54*J44+$C$54,IF($D$32=2,$B$54*J44^2+$C$54*J44+$D$54,IF($D$32=3,$B$54*J44^3+$C$54*J44^2+$D$54*J44+$E$54,IF($D$32=4,$B$54*J44^'Double Analysis'!$G$13,IF($D$32=5,EXP($C$54)*J44^$B$54,IF($D$32=6,EXP($C$54+J44*$B$54),NA())))))) -> #N/A | N44: =IFERROR(SMALL($R$2:$R$102, ROW()-1),NA()) -> #N/A | O44: =IF(ISNUMBER(N44),INDEX(y1Data,MATCH(N44,$R$2:$R$102,0)),NA()) -> #N/A | P44: =IF($D$1=7,O44,NA()) -> #N/A | R44: =IF(Q44<>"",Q44+(0.0000000000001)*(COUNTIF($Q44:Q$102,Q44)-1),"") | Y44: =IF(ISNUMBER(T44),T44," ") | Z44: =IFERROR(SMALL($Y$2:$Y$102,ROW()-1),NA()) -> #N/A | AA44: {=IF(ISNUMBER(Z44),INDEX(DA_y1data,MATCH(Z44,$Y$2:$Y$102,0)),NA())} -> #N/A | AB44: =IF($D$32=7,AA44,NA()) -> #N/A | AC44: =IF(ISNUMBER(V44),V44," ") | AD44: =IFERROR(SMALL($AC$2:$AC$102,ROW()-1),NA()) -> #N/A | AE44: {=IF(ISNUMBER(AD44),INDEX(DA_y2data,MATCH(AD44,$AC$2:$AC$102,0)),NA())} -> #N/A | AF44: =IF($D$32=7,AE44,NA()) -> #N/A | AK44: =MIN('Manual Fitting'!$A$3:$A$32)+(MAX('Manual Fitting'!$A$3:$A$32)-MIN('Manual Fitting'!$A$3:$A$17))*(Guts!F44/100) -> 0 | AL44: =IF($AI$1=1,IF(AND(ISNUMBER($AH$15),ISNUMBER($AH$16)),$AH$15+AK44*$AH$16,NA()),IF($AI$1=2,IF(AND(ISNUMBER($AH$15),ISNUMBER($AH$16),ISNUMBER($AH$17)),$AH$15/(1+((AK44-$AH$16)/$AH$17)^2),NA()),IF($AI$1=3,IF(AND(ISNUMBER($AH$15),ISNUMBER($AH$16),ISNUMBER($AH$17)),$AH$15*EXP((-1)*((AK44-$AH$16)/$AH$17)^2),NA()), IF($AI$1=4,IF(AND(ISNUMBER($AH$15),ISNUMBER($AH$16),ISNUMBER($AH$17),ISNUMBER($AH$18)),$AH$15*SIN((AK44*$AH$16)-$AH$17)+$AH$18,NA()),NA())))) -> 0 | AP44: =IF($AI$1=1,IF(AND(ISNUMBER($AH$15),ISNUMBER($AH$16)),$AH$15+AN44*$AH$16,NA()),IF($AI$1=2,IF(AND(ISNUMBER($AH$15),ISNUMBER($AH$16),ISNUMBER($AH$17)),$AH$15/(1+((AN44-$AH$16)/$AH$17)^2),NA()), IF($AI$1=3,IF(AND(ISNUMBER($AH$15),ISNUMBER($AH$16),ISNUMBER($AH$17)),$AH$15*EXP(-(((AN44-$AH$16)/$AH$17)^2)),NA()),IF($AI$1=4,IF(AND(ISNUMBER($AH$15),ISNUMBER($AH$16),ISNUMBER($AH$17),ISNUMBER($AH$18)),$AH$15*SIN($AH$16*AN44-$AH$17)+$AH$18,NA()),NA())))) -> 0 | AQ44: =(AP44-AO44)^2 -> 0 | AR44: =(AO44-$AO$104)^2 -> #N/A
F45: 43 | G45: =MIN(x1Data)+(MAX(x1Data)-MIN(x1Data))*(F45/100) -> 3440 | H45: =IF($D$1=1,$C$11+$B$11*G45, IF($D$1=2,$B$11*G45^#REF!,IF($D$1=3,$D$11+$C$11*G45+$B$11*(G45)^2,IF($D$1=4,$E$11+$D$11*G45+$C$11*(G45)^2+$B$11*(G45)^3,IF($D$1=5,EXP($C$11)*G45^($B$11),IF($D$1=6,EXP($C$11+G45*$B$11), NA())))))) -> #N/A | J45: =IFERROR(MIN(DA_x1data,DA_x2data)+(MAX(DA_x1data,DA_x2data)-MIN(DA_x1data,DA_x2data))*(F45/100), MIN(DA_x1data)+(MAX(DA_x1data)-MIN(DA_x1data))*(F45/100)) -> #N/A | K45: =IF($D$32=1,$B$48*J45+$C$48,IF($D$32=2,$B$48*J45^2+$C$48*J45+$D$48,IF($D$32=3,$B$48*J45^3+$C$48*J45^2+$D$48*J45+$E$48,IF($D$32=4,$B$48*J45^'Double Analysis'!$G$13,IF($D$32=5,EXP($C$48)*J45^$B$48,IF($D$32=6,EXP($C$48+J45*$B$48),NA())))))) -> #N/A | L45: =IF($D$32=1,$B$54*J45+$C$54,IF($D$32=2,$B$54*J45^2+$C$54*J45+$D$54,IF($D$32=3,$B$54*J45^3+$C$54*J45^2+$D$54*J45+$E$54,IF($D$32=4,$B$54*J45^'Double Analysis'!$G$13,IF($D$32=5,EXP($C$54)*J45^$B$54,IF($D$32=6,EXP($C$54+J45*$B$54),NA())))))) -> #N/A | N45: =IFERROR(SMALL($R$2:$R$102, ROW()-1),NA()) -> #N/A | O45: =IF(ISNUMBER(N45),INDEX(y1Data,MATCH(N45,$R$2:$R$102,0)),NA()) -> #N/A | P45: =IF($D$1=7,O45,NA()) -> #N/A | R45: =IF(Q45<>"",Q45+(0.0000000000001)*(COUNTIF($Q45:Q$102,Q45)-1),"") | Y45: =IF(ISNUMBER(T45),T45," ") | Z45: =IFERROR(SMALL($Y$2:$Y$102,ROW()-1),NA()) -> #N/A | AA45: {=IF(ISNUMBER(Z45),INDEX(DA_y1data,MATCH(Z45,$Y$2:$Y$102,0)),NA())} -> #N/A | AB45: =IF($D$32=7,AA45,NA()) -> #N/A | AC45: =IF(ISNUMBER(V45),V45," ") | AD45: =IFERROR(SMALL($AC$2:$AC$102,ROW()-1),NA()) -> #N/A | AE45: {=IF(ISNUMBER(AD45),INDEX(DA_y2data,MATCH(AD45,$AC$2:$AC$102,0)),NA())} -> #N/A | AF45: =IF($D$32=7,AE45,NA()) -> #N/A | AK45: =MIN('Manual Fitting'!$A$3:$A$32)+(MAX('Manual Fitting'!$A$3:$A$32)-MIN('Manual Fitting'!$A$3:$A$17))*(Guts!F45/100) -> 0 | AL45: =IF($AI$1=1,IF(AND(ISNUMBER($AH$15),ISNUMBER($AH$16)),$AH$15+AK45*$AH$16,NA()),IF($AI$1=2,IF(AND(ISNUMBER($AH$15),ISNUMBER($AH$16),ISNUMBER($AH$17)),$AH$15/(1+((AK45-$AH$16)/$AH$17)^2),NA()),IF($AI$1=3,IF(AND(ISNUMBER($AH$15),ISNUMBER($AH$16),ISNUMBER($AH$17)),$AH$15*EXP((-1)*((AK45-$AH$16)/$AH$17)^2),NA()), IF($AI$1=4,IF(AND(ISNUMBER($AH$15),ISNUMBER($AH$16),ISNUMBER($AH$17),ISNUMBER($AH$18)),$AH$15*SIN((AK45*$AH$16)-$AH$17)+$AH$18,NA()),NA())))) -> 0 | AP45: =IF($AI$1=1,IF(AND(ISNUMBER($AH$15),ISNUMBER($AH$16)),$AH$15+AN45*$AH$16,NA()),IF($AI$1=2,IF(AND(ISNUMBER($AH$15),ISNUMBER($AH$16),ISNUMBER($AH$17)),$AH$15/(1+((AN45-$AH$16)/$AH$17)^2),NA()), IF($AI$1=3,IF(AND(ISNUMBER($AH$15),ISNUMBER($AH$16),ISNUMBER($AH$17)),$AH$15*EXP(-(((AN45-$AH$16)/$AH$17)^2)),NA()),IF($AI$1=4,IF(AND(ISNUMBER($AH$15),ISNUMBER($AH$16),ISNUMBER($AH$17),ISNUMBER($AH$18)),$AH$15*SIN($AH$16*AN45-$AH$17)+$AH$18,NA()),NA())))) -> 0 | AQ45: =(AP45-AO45)^2 -> 0 | AR45: =(AO45-$AO$104)^2 -> #N/A
F46: 44 | G46: =MIN(x1Data)+(MAX(x1Data)-MIN(x1Data))*(F46/100) -> 3520 | H46: =IF($D$1=1,$C$11+$B$11*G46, IF($D$1=2,$B$11*G46^#REF!,IF($D$1=3,$D$11+$C$11*G46+$B$11*(G46)^2,IF($D$1=4,$E$11+$D$11*G46+$C$11*(G46)^2+$B$11*(G46)^3,IF($D$1=5,EXP($C$11)*G46^($B$11),IF($D$1=6,EXP($C$11+G46*$B$11), NA())))))) -> #N/A | J46: =IFERROR(MIN(DA_x1data,DA_x2data)+(MAX(DA_x1data,DA_x2data)-MIN(DA_x1data,DA_x2data))*(F46/100), MIN(DA_x1data)+(MAX(DA_x1data)-MIN(DA_x1data))*(F46/100)) -> #N/A | K46: =IF($D$32=1,$B$48*J46+$C$48,IF($D$32=2,$B$48*J46^2+$C$48*J46+$D$48,IF($D$32=3,$B$48*J46^3+$C$48*J46^2+$D$48*J46+$E$48,IF($D$32=4,$B$48*J46^'Double Analysis'!$G$13,IF($D$32=5,EXP($C$48)*J46^$B$48,IF($D$32=6,EXP($C$48+J46*$B$48),NA())))))) -> #N/A | L46: =IF($D$32=1,$B$54*J46+$C$54,IF($D$32=2,$B$54*J46^2+$C$54*J46+$D$54,IF($D$32=3,$B$54*J46^3+$C$54*J46^2+$D$54*J46+$E$54,IF($D$32=4,$B$54*J46^'Double Analysis'!$G$13,IF($D$32=5,EXP($C$54)*J46^$B$54,IF($D$32=6,EXP($C$54+J46*$B$54),NA())))))) -> #N/A | N46: =IFERROR(SMALL($R$2:$R$102, ROW()-1),NA()) -> #N/A | O46: =IF(ISNUMBER(N46),INDEX(y1Data,MATCH(N46,$R$2:$R$102,0)),NA()) -> #N/A | P46: =IF($D$1=7,O46,NA()) -> #N/A | R46: =IF(Q46<>"",Q46+(0.0000000000001)*(COUNTIF($Q46:Q$102,Q46)-1),"") | Y46: =IF(ISNUMBER(T46),T46," ") | Z46: =IFERROR(SMALL($Y$2:$Y$102,ROW()-1),NA()) -> #N/A | AA46: {=IF(ISNUMBER(Z46),INDEX(DA_y1data,MATCH(Z46,$Y$2:$Y$102,0)),NA())} -> #N/A | AB46: =IF($D$32=7,AA46,NA()) -> #N/A | AC46: =IF(ISNUMBER(V46),V46," ") | AD46: =IFERROR(SMALL($AC$2:$AC$102,ROW()-1),NA()) -> #N/A | AE46: {=IF(ISNUMBER(AD46),INDEX(DA_y2data,MATCH(AD46,$AC$2:$AC$102,0)),NA())} -> #N/A | AF46: =IF($D$32=7,AE46,NA()) -> #N/A | AK46: =MIN('Manual Fitting'!$A$3:$A$32)+(MAX('Manual Fitting'!$A$3:$A$32)-MIN('Manual Fitting'!$A$3:$A$17))*(Guts!F46/100) -> 0 | AL46: =IF($AI$1=1,IF(AND(ISNUMBER($AH$15),ISNUMBER($AH$16)),$AH$15+AK46*$AH$16,NA()),IF($AI$1=2,IF(AND(ISNUMBER($AH$15),ISNUMBER($AH$16),ISNUMBER($AH$17)),$AH$15/(1+((AK46-$AH$16)/$AH$17)^2),NA()),IF($AI$1=3,IF(AND(ISNUMBER($AH$15),ISNUMBER($AH$16),ISNUMBER($AH$17)),$AH$15*EXP((-1)*((AK46-$AH$16)/$AH$17)^2),NA()), IF($AI$1=4,IF(AND(ISNUMBER($AH$15),ISNUMBER($AH$16),ISNUMBER($AH$17),ISNUMBER($AH$18)),$AH$15*SIN((AK46*$AH$16)-$AH$17)+$AH$18,NA()),NA())))) -> 0 | AP46: =IF($AI$1=1,IF(AND(ISNUMBER($AH$15),ISNUMBER($AH$16)),$AH$15+AN46*$AH$16,NA()),IF($AI$1=2,IF(AND(ISNUMBER($AH$15),ISNUMBER($AH$16),ISNUMBER($AH$17)),$AH$15/(1+((AN46-$AH$16)/$AH$17)^2),NA()), IF($AI$1=3,IF(AND(ISNUMBER($AH$15),ISNUMBER($AH$16),ISNUMBER($AH$17)),$AH$15*EXP(-(((AN46-$AH$16)/$AH$17)^2)),NA()),IF($AI$1=4,IF(AND(ISNUMBER($AH$15),ISNUMBER($AH$16),ISNUMBER($AH$17),ISNUMBER($AH$18)),$AH$15*SIN($AH$16*AN46-$AH$17)+$AH$18,NA()),NA())))) -> 0 | AQ46: =(AP46-AO46)^2 -> 0 | AR46: =(AO46-$AO$104)^2 -> #N/A
A47: fit for the first dataset | F47: 45 | G47: =MIN(x1Data)+(MAX(x1Data)-MIN(x1Data))*(F47/100) -> 3600 | H47: =IF($D$1=1,$C$11+$B$11*G47, IF($D$1=2,$B$11*G47^#REF!,IF($D$1=3,$D$11+$C$11*G47+$B$11*(G47)^2,IF($D$1=4,$E$11+$D$11*G47+$C$11*(G47)^2+$B$11*(G47)^3,IF($D$1=5,EXP($C$11)*G47^($B$11),IF($D$1=6,EXP($C$11+G47*$B$11), NA())))))) -> #N/A | J47: =IFERROR(MIN(DA_x1data,DA_x2data)+(MAX(DA_x1data,DA_x2data)-MIN(DA_x1data,DA_x2data))*(F47/100), MIN(DA_x1data)+(MAX(DA_x1data)-MIN(DA_x1data))*(F47/100)) -> #N/A | K47: =IF($D$32=1,$B$48*J47+$C$48,IF($D$32=2,$B$48*J47^2+$C$48*J47+$D$48,IF($D$32=3,$B$48*J47^3+$C$48*J47^2+$D$48*J47+$E$48,IF($D$32=4,$B$48*J47^'Double Analysis'!$G$13,IF($D$32=5,EXP($C$48)*J47^$B$48,IF($D$32=6,EXP($C$48+J47*$B$48),NA())))))) -> #N/A | L47: =IF($D$32=1,$B$54*J47+$C$54,IF($D$32=2,$B$54*J47^2+$C$54*J47+$D$54,IF($D$32=3,$B$54*J47^3+$C$54*J47^2+$D$54*J47+$E$54,IF($D$32=4,$B$54*J47^'Double Analysis'!$G$13,IF($D$32=5,EXP($C$54)*J47^$B$54,IF($D$32=6,EXP($C$54+J47*$B$54),NA())))))) -> #N/A | N47: =IFERROR(SMALL($R$2:$R$102, ROW()-1),NA()) -> #N/A | O47: =IF(ISNUMBER(N47),INDEX(y1Data,MATCH(N47,$R$2:$R$102,0)),NA()) -> #N/A | P47: =IF($D$1=7,O47,NA()) -> #N/A | R47: =IF(Q47<>"",Q47+(0.0000000000001)*(COUNTIF($Q47:Q$102,Q47)-1),"") | Y47: =IF(ISNUMBER(T47),T47," ") | Z47: =IFERROR(SMALL($Y$2:$Y$102,ROW()-1),NA()) -> #N/A | AA47: {=IF(ISNUMBER(Z47),INDEX(DA_y1data,MATCH(Z47,$Y$2:$Y$102,0)),NA())} -> #N/A | AB47: =IF($D$32=7,AA47,NA()) -> #N/A | AC47: =IF(ISNUMBER(V47),V47," ") | AD47: =IFERROR(SMALL($AC$2:$AC$102,ROW()-1),NA()) -> #N/A | AE47: {=IF(ISNUMBER(AD47),INDEX(DA_y2data,MATCH(AD47,$AC$2:$AC$102,0)),NA())} -> #N/A | AF47: =IF($D$32=7,AE47,NA()) -> #N/A | AK47: =MIN('Manual Fitting'!$A$3:$A$32)+(MAX('Manual Fitting'!$A$3:$A$32)-MIN('Manual Fitting'!$A$3:$A$17))*(Guts!F47/100) -> 0 | AL47: =IF($AI$1=1,IF(AND(ISNUMBER($AH$15),ISNUMBER($AH$16)),$AH$15+AK47*$AH$16,NA()),IF($AI$1=2,IF(AND(ISNUMBER($AH$15),ISNUMBER($AH$16),ISNUMBER($AH$17)),$AH$15/(1+((AK47-$AH$16)/$AH$17)^2),NA()),IF($AI$1=3,IF(AND(ISNUMBER($AH$15),ISNUMBER($AH$16),ISNUMBER($AH$17)),$AH$15*EXP((-1)*((AK47-$AH$16)/$AH$17)^2),NA()), IF($AI$1=4,IF(AND(ISNUMBER($AH$15),ISNUMBER($AH$16),ISNUMBER($AH$17),ISNUMBER($AH$18)),$AH$15*SIN((AK47*$AH$16)-$AH$17)+$AH$18,NA()),NA())))) -> 0 | AP47: =IF($AI$1=1,IF(AND(ISNUMBER($AH$15),ISNUMBER($AH$16)),$AH$15+AN47*$AH$16,NA()),IF($AI$1=2,IF(AND(ISNUMBER($AH$15),ISNUMBER($AH$16),ISNUMBER($AH$17)),$AH$15/(1+((AN47-$AH$16)/$AH$17)^2),NA()), IF($AI$1=3,IF(AND(ISNUMBER($AH$15),ISNUMBER($AH$16),ISNUMBER($AH$17)),$AH$15*EXP(-(((AN47-$AH$16)/$AH$17)^2)),NA()),IF($AI$1=4,IF(AND(ISNUMBER($AH$15),ISNUMBER($AH$16),ISNUMBER($AH$17),ISNUMBER($AH$18)),$AH$15*SIN($AH$16*AN47-$AH$17)+$AH$18,NA()),NA())))) -> 0 | AQ47: =(AP47-AO47)^2 -> 0 | AR47: =(AO47-$AO$104)^2 -> #N/A
A48: coeffs | B48: {=IF(D32=1,LINEST(DA_y1data,DA_x1data,1,1),IF(D32=2,LINEST(DA_y1data,DA_x1data^{1,2},1,1),IF(D32=3,LINEST(DA_y1data,DA_x1data^{1,2,3},1,1),IF(D32=4,LINEST(DA_y1data,DA_x1data^('Double Analysis'!G13),0,1),IF(D32=5,LINEST(LN(DA_y1data),LN(DA_x1data),1,1),IF(D32=6,LINEST(LN(DA_y1data),DA_x1data,1,1),NA()))))))} -> #N/A | F48: 46 | G48: =MIN(x1Data)+(MAX(x1Data)-MIN(x1Data))*(F48/100) -> 3680 | H48: =IF($D$1=1,$C$11+$B$11*G48, IF($D$1=2,$B$11*G48^#REF!,IF($D$1=3,$D$11+$C$11*G48+$B$11*(G48)^2,IF($D$1=4,$E$11+$D$11*G48+$C$11*(G48)^2+$B$11*(G48)^3,IF($D$1=5,EXP($C$11)*G48^($B$11),IF($D$1=6,EXP($C$11+G48*$B$11), NA())))))) -> #N/A | J48: =IFERROR(MIN(DA_x1data,DA_x2data)+(MAX(DA_x1data,DA_x2data)-MIN(DA_x1data,DA_x2data))*(F48/100), MIN(DA_x1data)+(MAX(DA_x1data)-MIN(DA_x1data))*(F48/100)) -> #N/A | K48: =IF($D$32=1,$B$48*J48+$C$48,IF($D$32=2,$B$48*J48^2+$C$48*J48+$D$48,IF($D$32=3,$B$48*J48^3+$C$48*J48^2+$D$48*J48+$E$48,IF($D$32=4,$B$48*J48^'Double Analysis'!$G$13,IF($D$32=5,EXP($C$48)*J48^$B$48,IF($D$32=6,EXP($C$48+J48*$B$48),NA())))))) -> #N/A | L48: =IF($D$32=1,$B$54*J48+$C$54,IF($D$32=2,$B$54*J48^2+$C$54*J48+$D$54,IF($D$32=3,$B$54*J48^3+$C$54*J48^2+$D$54*J48+$E$54,IF($D$32=4,$B$54*J48^'Double Analysis'!$G$13,IF($D$32=5,EXP($C$54)*J48^$B$54,IF($D$32=6,EXP($C$54+J48*$B$54),NA())))))) -> #N/A | N48: =IFERROR(SMALL($R$2:$R$102, ROW()-1),NA()) -> #N/A | O48: =IF(ISNUMBER(N48),INDEX(y1Data,MATCH(N48,$R$2:$R$102,0)),NA()) -> #N/A | P48: =IF($D$1=7,O48,NA()) -> #N/A | R48: =IF(Q48<>"",Q48+(0.0000000000001)*(COUNTIF($Q48:Q$102,Q48)-1),"") | Y48: =IF(ISNUMBER(T48),T48," ") | Z48: =IFERROR(SMALL($Y$2:$Y$102,ROW()-1),NA()) -> #N/A | AA48: {=IF(ISNUMBER(Z48),INDEX(DA_y1data,MATCH(Z48,$Y$2:$Y$102,0)),NA())} -> #N/A | AB48: =IF($D$32=7,AA48,NA()) -> #N/A | AC48: =IF(ISNUMBER(V48),V48," ") | AD48: =IFERROR(SMALL($AC$2:$AC$102,ROW()-1),NA()) -> #N/A | AE48: {=IF(ISNUMBER(AD48),INDEX(DA_y2data,MATCH(AD48,$AC$2:$AC$102,0)),NA())} -> #N/A | AF48: =IF($D$32=7,AE48,NA()) -> #N/A | AK48: =MIN('Manual Fitting'!$A$3:$A$32)+(MAX('Manual Fitting'!$A$3:$A$32)-MIN('Manual Fitting'!$A$3:$A$17))*(Guts!F48/100) -> 0 | AL48: =IF($AI$1=1,IF(AND(ISNUMBER($AH$15),ISNUMBER($AH$16)),$AH$15+AK48*$AH$16,NA()),IF($AI$1=2,IF(AND(ISNUMBER($AH$15),ISNUMBER($AH$16),ISNUMBER($AH$17)),$AH$15/(1+((AK48-$AH$16)/$AH$17)^2),NA()),IF($AI$1=3,IF(AND(ISNUMBER($AH$15),ISNUMBER($AH$16),ISNUMBER($AH$17)),$AH$15*EXP((-1)*((AK48-$AH$16)/$AH$17)^2),NA()), IF($AI$1=4,IF(AND(ISNUMBER($AH$15),ISNUMBER($AH$16),ISNUMBER($AH$17),ISNUMBER($AH$18)),$AH$15*SIN((AK48*$AH$16)-$AH$17)+$AH$18,NA()),NA())))) -> 0 | AP48: =IF($AI$1=1,IF(AND(ISNUMBER($AH$15),ISNUMBER($AH$16)),$AH$15+AN48*$AH$16,NA()),IF($AI$1=2,IF(AND(ISNUMBER($AH$15),ISNUMBER($AH$16),ISNUMBER($AH$17)),$AH$15/(1+((AN48-$AH$16)/$AH$17)^2),NA()), IF($AI$1=3,IF(AND(ISNUMBER($AH$15),ISNUMBER($AH$16),ISNUMBER($AH$17)),$AH$15*EXP(-(((AN48-$AH$16)/$AH$17)^2)),NA()),IF($AI$1=4,IF(AND(ISNUMBER($AH$15),ISNUMBER($AH$16),ISNUMBER($AH$17),ISNUMBER($AH$18)),$AH$15*SIN($AH$16*AN48-$AH$17)+$AH$18,NA()),NA())))) -> 0 | AQ48: =(AP48-AO48)^2 -> 0 | AR48: =(AO48-$AO$104)^2 -> #N/A
A49: unc. | F49: 47 | G49: =MIN(x1Data)+(MAX(x1Data)-MIN(x1Data))*(F49/100) -> 3760 | H49: =IF($D$1=1,$C$11+$B$11*G49, IF($D$1=2,$B$11*G49^#REF!,IF($D$1=3,$D$11+$C$11*G49+$B$11*(G49)^2,IF($D$1=4,$E$11+$D$11*G49+$C$11*(G49)^2+$B$11*(G49)^3,IF($D$1=5,EXP($C$11)*G49^($B$11),IF($D$1=6,EXP($C$11+G49*$B$11), NA())))))) -> #N/A | J49: =IFERROR(MIN(DA_x1data,DA_x2data)+(MAX(DA_x1data,DA_x2data)-MIN(DA_x1data,DA_x2data))*(F49/100), MIN(DA_x1data)+(MAX(DA_x1data)-MIN(DA_x1data))*(F49/100)) -> #N/A | K49: =IF($D$32=1,$B$48*J49+$C$48,IF($D$32=2,$B$48*J49^2+$C$48*J49+$D$48,IF($D$32=3,$B$48*J49^3+$C$48*J49^2+$D$48*J49+$E$48,IF($D$32=4,$B$48*J49^'Double Analysis'!$G$13,IF($D$32=5,EXP($C$48)*J49^$B$48,IF($D$32=6,EXP($C$48+J49*$B$48),NA())))))) -> #N/A | L49: =IF($D$32=1,$B$54*J49+$C$54,IF($D$32=2,$B$54*J49^2+$C$54*J49+$D$54,IF($D$32=3,$B$54*J49^3+$C$54*J49^2+$D$54*J49+$E$54,IF($D$32=4,$B$54*J49^'Double Analysis'!$G$13,IF($D$32=5,EXP($C$54)*J49^$B$54,IF($D$32=6,EXP($C$54+J49*$B$54),NA())))))) -> #N/A | N49: =IFERROR(SMALL($R$2:$R$102, ROW()-1),NA()) -> #N/A | O49: =IF(ISNUMBER(N49),INDEX(y1Data,MATCH(N49,$R$2:$R$102,0)),NA()) -> #N/A | P49: =IF($D$1=7,O49,NA()) -> #N/A | R49: =IF(Q49<>"",Q49+(0.0000000000001)*(COUNTIF($Q49:Q$102,Q49)-1),"") | Y49: =IF(ISNUMBER(T49),T49," ") | Z49: =IFERROR(SMALL($Y$2:$Y$102,ROW()-1),NA()) -> #N/A | AA49: {=IF(ISNUMBER(Z49),INDEX(DA_y1data,MATCH(Z49,$Y$2:$Y$102,0)),NA())} -> #N/A | AB49: =IF($D$32=7,AA49,NA()) -> #N/A | AC49: =IF(ISNUMBER(V49),V49," ") | AD49: =IFERROR(SMALL($AC$2:$AC$102,ROW()-1),NA()) -> #N/A | AE49: {=IF(ISNUMBER(AD49),INDEX(DA_y2data,MATCH(AD49,$AC$2:$AC$102,0)),NA())} -> #N/A | AF49: =IF($D$32=7,AE49,NA()) -> #N/A | AK49: =MIN('Manual Fitting'!$A$3:$A$32)+(MAX('Manual Fitting'!$A$3:$A$32)-MIN('Manual Fitting'!$A$3:$A$17))*(Guts!F49/100) -> 0 | AL49: =IF($AI$1=1,IF(AND(ISNUMBER($AH$15),ISNUMBER($AH$16)),$AH$15+AK49*$AH$16,NA()),IF($AI$1=2,IF(AND(ISNUMBER($AH$15),ISNUMBER($AH$16),ISNUMBER($AH$17)),$AH$15/(1+((AK49-$AH$16)/$AH$17)^2),NA()),IF($AI$1=3,IF(AND(ISNUMBER($AH$15),ISNUMBER($AH$16),ISNUMBER($AH$17)),$AH$15*EXP((-1)*((AK49-$AH$16)/$AH$17)^2),NA()), IF($AI$1=4,IF(AND(ISNUMBER($AH$15),ISNUMBER($AH$16),ISNUMBER($AH$17),ISNUMBER($AH$18)),$AH$15*SIN((AK49*$AH$16)-$AH$17)+$AH$18,NA()),NA())))) -> 0 | AP49: =IF($AI$1=1,IF(AND(ISNUMBER($AH$15),ISNUMBER($AH$16)),$AH$15+AN49*$AH$16,NA()),IF($AI$1=2,IF(AND(ISNUMBER($AH$15),ISNUMBER($AH$16),ISNUMBER($AH$17)),$AH$15/(1+((AN49-$AH$16)/$AH$17)^2),NA()), IF($AI$1=3,IF(AND(ISNUMBER($AH$15),ISNUMBER($AH$16),ISNUMBER($AH$17)),$AH$15*EXP(-(((AN49-$AH$16)/$AH$17)^2)),NA()),IF($AI$1=4,IF(AND(ISNUMBER($AH$15),ISNUMBER($AH$16),ISNUMBER($AH$17),ISNUMBER($AH$18)),$AH$15*SIN($AH$16*AN49-$AH$17)+$AH$18,NA()),NA())))) -> 0 | AQ49: =(AP49-AO49)^2 -> 0 | AR49: =(AO49-$AO$104)^2 -> #N/A
A50: stats | F50: 48 | G50: =MIN(x1Data)+(MAX(x1Data)-MIN(x1Data))*(F50/100) -> 3840 | H50: =IF($D$1=1,$C$11+$B$11*G50, IF($D$1=2,$B$11*G50^#REF!,IF($D$1=3,$D$11+$C$11*G50+$B$11*(G50)^2,IF($D$1=4,$E$11+$D$11*G50+$C$11*(G50)^2+$B$11*(G50)^3,IF($D$1=5,EXP($C$11)*G50^($B$11),IF($D$1=6,EXP($C$11+G50*$B$11), NA())))))) -> #N/A | J50: =IFERROR(MIN(DA_x1data,DA_x2data)+(MAX(DA_x1data,DA_x2data)-MIN(DA_x1data,DA_x2data))*(F50/100), MIN(DA_x1data)+(MAX(DA_x1data)-MIN(DA_x1data))*(F50/100)) -> #N/A | K50: =IF($D$32=1,$B$48*J50+$C$48,IF($D$32=2,$B$48*J50^2+$C$48*J50+$D$48,IF($D$32=3,$B$48*J50^3+$C$48*J50^2+$D$48*J50+$E$48,IF($D$32=4,$B$48*J50^'Double Analysis'!$G$13,IF($D$32=5,EXP($C$48)*J50^$B$48,IF($D$32=6,EXP($C$48+J50*$B$48),NA())))))) -> #N/A | L50: =IF($D$32=1,$B$54*J50+$C$54,IF($D$32=2,$B$54*J50^2+$C$54*J50+$D$54,IF($D$32=3,$B$54*J50^3+$C$54*J50^2+$D$54*J50+$E$54,IF($D$32=4,$B$54*J50^'Double Analysis'!$G$13,IF($D$32=5,EXP($C$54)*J50^$B$54,IF($D$32=6,EXP($C$54+J50*$B$54),NA())))))) -> #N/A | N50: =IFERROR(SMALL($R$2:$R$102, ROW()-1),NA()) -> #N/A | O50: =IF(ISNUMBER(N50),INDEX(y1Data,MATCH(N50,$R$2:$R$102,0)),NA()) -> #N/A | P50: =IF($D$1=7,O50,NA()) -> #N/A | R50: =IF(Q50<>"",Q50+(0.0000000000001)*(COUNTIF($Q50:Q$102,Q50)-1),"") | Y50: =IF(ISNUMBER(T50),T50," ") | Z50: =IFERROR(SMALL($Y$2:$Y$102,ROW()-1),NA()) -> #N/A | AA50: {=IF(ISNUMBER(Z50),INDEX(DA_y1data,MATCH(Z50,$Y$2:$Y$102,0)),NA())} -> #N/A | AB50: =IF($D$32=7,AA50,NA()) -> #N/A | AC50: =IF(ISNUMBER(V50),V50," ") | AD50: =IFERROR(SMALL($AC$2:$AC$102,ROW()-1),NA()) -> #N/A | AE50: {=IF(ISNUMBER(AD50),INDEX(DA_y2data,MATCH(AD50,$AC$2:$AC$102,0)),NA())} -> #N/A | AF50: =IF($D$32=7,AE50,NA()) -> #N/A | AK50: =MIN('Manual Fitting'!$A$3:$A$32)+(MAX('Manual Fitting'!$A$3:$A$32)-MIN('Manual Fitting'!$A$3:$A$17))*(Guts!F50/100) -> 0 | AL50: =IF($AI$1=1,IF(AND(ISNUMBER($AH$15),ISNUMBER($AH$16)),$AH$15+AK50*$AH$16,NA()),IF($AI$1=2,IF(AND(ISNUMBER($AH$15),ISNUMBER($AH$16),ISNUMBER($AH$17)),$AH$15/(1+((AK50-$AH$16)/$AH$17)^2),NA()),IF($AI$1=3,IF(AND(ISNUMBER($AH$15),ISNUMBER($AH$16),ISNUMBER($AH$17)),$AH$15*EXP((-1)*((AK50-$AH$16)/$AH$17)^2),NA()), IF($AI$1=4,IF(AND(ISNUMBER($AH$15),ISNUMBER($AH$16),ISNUMBER($AH$17),ISNUMBER($AH$18)),$AH$15*SIN((AK50*$AH$16)-$AH$17)+$AH$18,NA()),NA())))) -> 0 | AP50: =IF($AI$1=1,IF(AND(ISNUMBER($AH$15),ISNUMBER($AH$16)),$AH$15+AN50*$AH$16,NA()),IF($AI$1=2,IF(AND(ISNUMBER($AH$15),ISNUMBER($AH$16),ISNUMBER($AH$17)),$AH$15/(1+((AN50-$AH$16)/$AH$17)^2),NA()), IF($AI$1=3,IF(AND(ISNUMBER($AH$15),ISNUMBER($AH$16),ISNUMBER($AH$17)),$AH$15*EXP(-(((AN50-$AH$16)/$AH$17)^2)),NA()),IF($AI$1=4,IF(AND(ISNUMBER($AH$15),ISNUMBER($AH$16),ISNUMBER($AH$17),ISNUMBER($AH$18)),$AH$15*SIN($AH$16*AN50-$AH$17)+$AH$18,NA()),NA())))) -> 0 | AQ50: =(AP50-AO50)^2 -> 0 | AR50: =(AO50-$AO$104)^2 -> #N/A
F51: 49 | G51: =MIN(x1Data)+(MAX(x1Data)-MIN(x1Data))*(F51/100) -> 3920 | H51: =IF($D$1=1,$C$11+$B$11*G51, IF($D$1=2,$B$11*G51^#REF!,IF($D$1=3,$D$11+$C$11*G51+$B$11*(G51)^2,IF($D$1=4,$E$11+$D$11*G51+$C$11*(G51)^2+$B$11*(G51)^3,IF($D$1=5,EXP($C$11)*G51^($B$11),IF($D$1=6,EXP($C$11+G51*$B$11), NA())))))) -> #N/A | J51: =IFERROR(MIN(DA_x1data,DA_x2data)+(MAX(DA_x1data,DA_x2data)-MIN(DA_x1data,DA_x2data))*(F51/100), MIN(DA_x1data)+(MAX(DA_x1data)-MIN(DA_x1data))*(F51/100)) -> #N/A | K51: =IF($D$32=1,$B$48*J51+$C$48,IF($D$32=2,$B$48*J51^2+$C$48*J51+$D$48,IF($D$32=3,$B$48*J51^3+$C$48*J51^2+$D$48*J51+$E$48,IF($D$32=4,$B$48*J51^'Double Analysis'!$G$13,IF($D$32=5,EXP($C$48)*J51^$B$48,IF($D$32=6,EXP($C$48+J51*$B$48),NA())))))) -> #N/A | L51: =IF($D$32=1,$B$54*J51+$C$54,IF($D$32=2,$B$54*J51^2+$C$54*J51+$D$54,IF($D$32=3,$B$54*J51^3+$C$54*J51^2+$D$54*J51+$E$54,IF($D$32=4,$B$54*J51^'Double Analysis'!$G$13,IF($D$32=5,EXP($C$54)*J51^$B$54,IF($D$32=6,EXP($C$54+J51*$B$54),NA())))))) -> #N/A | N51: =IFERROR(SMALL($R$2:$R$102, ROW()-1),NA()) -> #N/A | O51: =IF(ISNUMBER(N51),INDEX(y1Data,MATCH(N51,$R$2:$R$102,0)),NA()) -> #N/A | P51: =IF($D$1=7,O51,NA()) -> #N/A | R51: =IF(Q51<>"",Q51+(0.0000000000001)*(COUNTIF($Q51:Q$102,Q51)-1),"") | Y51: =IF(ISNUMBER(T51),T51," ") | Z51: =IFERROR(SMALL($Y$2:$Y$102,ROW()-1),NA()) -> #N/A | AA51: {=IF(ISNUMBER(Z51),INDEX(DA_y1data,MATCH(Z51,$Y$2:$Y$102,0)),NA())} -> #N/A | AB51: =IF($D$32=7,AA51,NA()) -> #N/A | AC51: =IF(ISNUMBER(V51),V51," ") | AD51: =IFERROR(SMALL($AC$2:$AC$102,ROW()-1),NA()) -> #N/A | AE51: {=IF(ISNUMBER(AD51),INDEX(DA_y2data,MATCH(AD51,$AC$2:$AC$102,0)),NA())} -> #N/A | AF51: =IF($D$32=7,AE51,NA()) -> #N/A | AK51: =MIN('Manual Fitting'!$A$3:$A$32)+(MAX('Manual Fitting'!$A$3:$A$32)-MIN('Manual Fitting'!$A$3:$A$17))*(Guts!F51/100) -> 0 | AL51: =IF($AI$1=1,IF(AND(ISNUMBER($AH$15),ISNUMBER($AH$16)),$AH$15+AK51*$AH$16,NA()),IF($AI$1=2,IF(AND(ISNUMBER($AH$15),ISNUMBER($AH$16),ISNUMBER($AH$17)),$AH$15/(1+((AK51-$AH$16)/$AH$17)^2),NA()),IF($AI$1=3,IF(AND(ISNUMBER($AH$15),ISNUMBER($AH$16),ISNUMBER($AH$17)),$AH$15*EXP((-1)*((AK51-$AH$16)/$AH$17)^2),NA()), IF($AI$1=4,IF(AND(ISNUMBER($AH$15),ISNUMBER($AH$16),ISNUMBER($AH$17),ISNUMBER($AH$18)),$AH$15*SIN((AK51*$AH$16)-$AH$17)+$AH$18,NA()),NA())))) -> 0 | AP51: =IF($AI$1=1,IF(AND(ISNUMBER($AH$15),ISNUMBER($AH$16)),$AH$15+AN51*$AH$16,NA()),IF($AI$1=2,IF(AND(ISNUMBER($AH$15),ISNUMBER($AH$16),ISNUMBER($AH$17)),$AH$15/(1+((AN51-$AH$16)/$AH$17)^2),NA()), IF($AI$1=3,IF(AND(ISNUMBER($AH$15),ISNUMBER($AH$16),ISNUMBER($AH$17)),$AH$15*EXP(-(((AN51-$AH$16)/$AH$17)^2)),NA()),IF($AI$1=4,IF(AND(ISNUMBER($AH$15),ISNUMBER($AH$16),ISNUMBER($AH$17),ISNUMBER($AH$18)),$AH$15*SIN($AH$16*AN51-$AH$17)+$AH$18,NA()),NA())))) -> 0 | AQ51: =(AP51-AO51)^2 -> 0 | AR51: =(AO51-$AO$104)^2 -> #N/A
F52: 50 | G52: =MIN(x1Data)+(MAX(x1Data)-MIN(x1Data))*(F52/100) -> 4000 | H52: =IF($D$1=1,$C$11+$B$11*G52, IF($D$1=2,$B$11*G52^#REF!,IF($D$1=3,$D$11+$C$11*G52+$B$11*(G52)^2,IF($D$1=4,$E$11+$D$11*G52+$C$11*(G52)^2+$B$11*(G52)^3,IF($D$1=5,EXP($C$11)*G52^($B$11),IF($D$1=6,EXP($C$11+G52*$B$11), NA())))))) -> #N/A | J52: =IFERROR(MIN(DA_x1data,DA_x2data)+(MAX(DA_x1data,DA_x2data)-MIN(DA_x1data,DA_x2data))*(F52/100), MIN(DA_x1data)+(MAX(DA_x1data)-MIN(DA_x1data))*(F52/100)) -> #N/A | K52: =IF($D$32=1,$B$48*J52+$C$48,IF($D$32=2,$B$48*J52^2+$C$48*J52+$D$48,IF($D$32=3,$B$48*J52^3+$C$48*J52^2+$D$48*J52+$E$48,IF($D$32=4,$B$48*J52^'Double Analysis'!$G$13,IF($D$32=5,EXP($C$48)*J52^$B$48,IF($D$32=6,EXP($C$48+J52*$B$48),NA())))))) -> #N/A | L52: =IF($D$32=1,$B$54*J52+$C$54,IF($D$32=2,$B$54*J52^2+$C$54*J52+$D$54,IF($D$32=3,$B$54*J52^3+$C$54*J52^2+$D$54*J52+$E$54,IF($D$32=4,$B$54*J52^'Double Analysis'!$G$13,IF($D$32=5,EXP($C$54)*J52^$B$54,IF($D$32=6,EXP($C$54+J52*$B$54),NA())))))) -> #N/A | N52: =IFERROR(SMALL($R$2:$R$102, ROW()-1),NA()) -> #N/A | O52: =IF(ISNUMBER(N52),INDEX(y1Data,MATCH(N52,$R$2:$R$102,0)),NA()) -> #N/A | P52: =IF($D$1=7,O52,NA()) -> #N/A | R52: =IF(Q52<>"",Q52+(0.0000000000001)*(COUNTIF($Q52:Q$102,Q52)-1),"") | Y52: =IF(ISNUMBER(T52),T52," ") | Z52: =IFERROR(SMALL($Y$2:$Y$102,ROW()-1),NA()) -> #N/A | AA52: {=IF(ISNUMBER(Z52),INDEX(DA_y1data,MATCH(Z52,$Y$2:$Y$102,0)),NA())} -> #N/A | AB52: =IF($D$32=7,AA52,NA()) -> #N/A | AC52: =IF(ISNUMBER(V52),V52," ") | AD52: =IFERROR(SMALL($AC$2:$AC$102,ROW()-1),NA()) -> #N/A | AE52: {=IF(ISNUMBER(AD52),INDEX(DA_y2data,MATCH(AD52,$AC$2:$AC$102,0)),NA())} -> #N/A | AF52: =IF($D$32=7,AE52,NA()) -> #N/A | AK52: =MIN('Manual Fitting'!$A$3:$A$32)+(MAX('Manual Fitting'!$A$3:$A$32)-MIN('Manual Fitting'!$A$3:$A$17))*(Guts!F52/100) -> 0 | AL52: =IF($AI$1=1,IF(AND(ISNUMBER($AH$15),ISNUMBER($AH$16)),$AH$15+AK52*$AH$16,NA()),IF($AI$1=2,IF(AND(ISNUMBER($AH$15),ISNUMBER($AH$16),ISNUMBER($AH$17)),$AH$15/(1+((AK52-$AH$16)/$AH$17)^2),NA()),IF($AI$1=3,IF(AND(ISNUMBER($AH$15),ISNUMBER($AH$16),ISNUMBER($AH$17)),$AH$15*EXP((-1)*((AK52-$AH$16)/$AH$17)^2),NA()), IF($AI$1=4,IF(AND(ISNUMBER($AH$15),ISNUMBER($AH$16),ISNUMBER($AH$17),ISNUMBER($AH$18)),$AH$15*SIN((AK52*$AH$16)-$AH$17)+$AH$18,NA()),NA())))) -> 0 | AP52: =IF($AI$1=1,IF(AND(ISNUMBER($AH$15),ISNUMBER($AH$16)),$AH$15+AN52*$AH$16,NA()),IF($AI$1=2,IF(AND(ISNUMBER($AH$15),ISNUMBER($AH$16),ISNUMBER($AH$17)),$AH$15/(1+((AN52-$AH$16)/$AH$17)^2),NA()), IF($AI$1=3,IF(AND(ISNUMBER($AH$15),ISNUMBER($AH$16),ISNUMBER($AH$17)),$AH$15*EXP(-(((AN52-$AH$16)/$AH$17)^2)),NA()),IF($AI$1=4,IF(AND(ISNUMBER($AH$15),ISNUMBER($AH$16),ISNUMBER($AH$17),ISNUMBER($AH$18)),$AH$15*SIN($AH$16*AN52-$AH$17)+$AH$18,NA()),NA())))) -> 0 | AQ52: =(AP52-AO52)^2 -> 0 | AR52: =(AO52-$AO$104)^2 -> #N/A
A53: fit for the second dataset | F53: 51 | G53: =MIN(x1Data)+(MAX(x1Data)-MIN(x1Data))*(F53/100) -> 4080 | H53: =IF($D$1=1,$C$11+$B$11*G53, IF($D$1=2,$B$11*G53^#REF!,IF($D$1=3,$D$11+$C$11*G53+$B$11*(G53)^2,IF($D$1=4,$E$11+$D$11*G53+$C$11*(G53)^2+$B$11*(G53)^3,IF($D$1=5,EXP($C$11)*G53^($B$11),IF($D$1=6,EXP($C$11+G53*$B$11), NA())))))) -> #N/A | J53: =IFERROR(MIN(DA_x1data,DA_x2data)+(MAX(DA_x1data,DA_x2data)-MIN(DA_x1data,DA_x2data))*(F53/100), MIN(DA_x1data)+(MAX(DA_x1data)-MIN(DA_x1data))*(F53/100)) -> #N/A | K53: =IF($D$32=1,$B$48*J53+$C$48,IF($D$32=2,$B$48*J53^2+$C$48*J53+$D$48,IF($D$32=3,$B$48*J53^3+$C$48*J53^2+$D$48*J53+$E$48,IF($D$32=4,$B$48*J53^'Double Analysis'!$G$13,IF($D$32=5,EXP($C$48)*J53^$B$48,IF($D$32=6,EXP($C$48+J53*$B$48),NA())))))) -> #N/A | L53: =IF($D$32=1,$B$54*J53+$C$54,IF($D$32=2,$B$54*J53^2+$C$54*J53+$D$54,IF($D$32=3,$B$54*J53^3+$C$54*J53^2+$D$54*J53+$E$54,IF($D$32=4,$B$54*J53^'Double Analysis'!$G$13,IF($D$32=5,EXP($C$54)*J53^$B$54,IF($D$32=6,EXP($C$54+J53*$B$54),NA())))))) -> #N/A | N53: =IFERROR(SMALL($R$2:$R$102, ROW()-1),NA()) -> #N/A | O53: =IF(ISNUMBER(N53),INDEX(y1Data,MATCH(N53,$R$2:$R$102,0)),NA()) -> #N/A | P53: =IF($D$1=7,O53,NA()) -> #N/A | R53: =IF(Q53<>"",Q53+(0.0000000000001)*(COUNTIF($Q53:Q$102,Q53)-1),"") | Y53: =IF(ISNUMBER(T53),T53," ") | Z53: =IFERROR(SMALL($Y$2:$Y$102,ROW()-1),NA()) -> #N/A | AA53: {=IF(ISNUMBER(Z53),INDEX(DA_y1data,MATCH(Z53,$Y$2:$Y$102,0)),NA())} -> #N/A | AB53: =IF($D$32=7,AA53,NA()) -> #N/A | AC53: =IF(ISNUMBER(V53),V53," ") | AD53: =IFERROR(SMALL($AC$2:$AC$102,ROW()-1),NA()) -> #N/A | AE53: {=IF(ISNUMBER(AD53),INDEX(DA_y2data,MATCH(AD53,$AC$2:$AC$102,0)),NA())} -> #N/A | AF53: =IF($D$32=7,AE53,NA()) -> #N/A | AK53: =MIN('Manual Fitting'!$A$3:$A$32)+(MAX('Manual Fitting'!$A$3:$A$32)-MIN('Manual Fitting'!$A$3:$A$17))*(Guts!F53/100) -> 0 | AL53: =IF($AI$1=1,IF(AND(ISNUMBER($AH$15),ISNUMBER($AH$16)),$AH$15+AK53*$AH$16,NA()),IF($AI$1=2,IF(AND(ISNUMBER($AH$15),ISNUMBER($AH$16),ISNUMBER($AH$17)),$AH$15/(1+((AK53-$AH$16)/$AH$17)^2),NA()),IF($AI$1=3,IF(AND(ISNUMBER($AH$15),ISNUMBER($AH$16),ISNUMBER($AH$17)),$AH$15*EXP((-1)*((AK53-$AH$16)/$AH$17)^2),NA()), IF($AI$1=4,IF(AND(ISNUMBER($AH$15),ISNUMBER($AH$16),ISNUMBER($AH$17),ISNUMBER($AH$18)),$AH$15*SIN((AK53*$AH$16)-$AH$17)+$AH$18,NA()),NA())))) -> 0 | AP53: =IF($AI$1=1,IF(AND(ISNUMBER($AH$15),ISNUMBER($AH$16)),$AH$15+AN53*$AH$16,NA()),IF($AI$1=2,IF(AND(ISNUMBER($AH$15),ISNUMBER($AH$16),ISNUMBER($AH$17)),$AH$15/(1+((AN53-$AH$16)/$AH$17)^2),NA()), IF($AI$1=3,IF(AND(ISNUMBER($AH$15),ISNUMBER($AH$16),ISNUMBER($AH$17)),$AH$15*EXP(-(((AN53-$AH$16)/$AH$17)^2)),NA()),IF($AI$1=4,IF(AND(ISNUMBER($AH$15),ISNUMBER($AH$16),ISNUMBER($AH$17),ISNUMBER($AH$18)),$AH$15*SIN($AH$16*AN53-$AH$17)+$AH$18,NA()),NA())))) -> 0 | AQ53: =(AP53-AO53)^2 -> 0 | AR53: =(AO53-$AO$104)^2 -> #N/A
A54: coeffs | B54: {=IF(D32=1,LINEST(DA_y2data,DA_x2data,1,1),IF(D32=2,LINEST(DA_y2data,DA_x2data^{1,2},1,1),IF(D32=3,LINEST(DA_y2data,DA_x2data^{1,2,3},1,1),IF(D32=4,LINEST(DA_y2data,DA_x2data^('Double Analysis'!G13),0,1),IF(D32=5,LINEST(LN(DA_y2data),LN(DA_x2data),1,1),IF(D32=6,LINEST(LN(DA_y2data),DA_x2data,1,1),NA()))))))} -> #N/A | F54: 52 | G54: =MIN(x1Data)+(MAX(x1Data)-MIN(x1Data))*(F54/100) -> 4160 | H54: =IF($D$1=1,$C$11+$B$11*G54, IF($D$1=2,$B$11*G54^#REF!,IF($D$1=3,$D$11+$C$11*G54+$B$11*(G54)^2,IF($D$1=4,$E$11+$D$11*G54+$C$11*(G54)^2+$B$11*(G54)^3,IF($D$1=5,EXP($C$11)*G54^($B$11),IF($D$1=6,EXP($C$11+G54*$B$11), NA())))))) -> #N/A | J54: =IFERROR(MIN(DA_x1data,DA_x2data)+(MAX(DA_x1data,DA_x2data)-MIN(DA_x1data,DA_x2data))*(F54/100), MIN(DA_x1data)+(MAX(DA_x1data)-MIN(DA_x1data))*(F54/100)) -> #N/A | K54: =IF($D$32=1,$B$48*J54+$C$48,IF($D$32=2,$B$48*J54^2+$C$48*J54+$D$48,IF($D$32=3,$B$48*J54^3+$C$48*J54^2+$D$48*J54+$E$48,IF($D$32=4,$B$48*J54^'Double Analysis'!$G$13,IF($D$32=5,EXP($C$48)*J54^$B$48,IF($D$32=6,EXP($C$48+J54*$B$48),NA())))))) -> #N/A | L54: =IF($D$32=1,$B$54*J54+$C$54,IF($D$32=2,$B$54*J54^2+$C$54*J54+$D$54,IF($D$32=3,$B$54*J54^3+$C$54*J54^2+$D$54*J54+$E$54,IF($D$32=4,$B$54*J54^'Double Analysis'!$G$13,IF($D$32=5,EXP($C$54)*J54^$B$54,IF($D$32=6,EXP($C$54+J54*$B$54),NA())))))) -> #N/A | N54: =IFERROR(SMALL($R$2:$R$102, ROW()-1),NA()) -> #N/A | O54: =IF(ISNUMBER(N54),INDEX(y1Data,MATCH(N54,$R$2:$R$102,0)),NA()) -> #N/A | P54: =IF($D$1=7,O54,NA()) -> #N/A | R54: =IF(Q54<>"",Q54+(0.0000000000001)*(COUNTIF($Q54:Q$102,Q54)-1),"") | Y54: =IF(ISNUMBER(T54),T54," ") | Z54: =IFERROR(SMALL($Y$2:$Y$102,ROW()-1),NA()) -> #N/A | AA54: {=IF(ISNUMBER(Z54),INDEX(DA_y1data,MATCH(Z54,$Y$2:$Y$102,0)),NA())} -> #N/A | AB54: =IF($D$32=7,AA54,NA()) -> #N/A | AC54: =IF(ISNUMBER(V54),V54," ") | AD54: =IFERROR(SMALL($AC$2:$AC$102,ROW()-1),NA()) -> #N/A | AE54: {=IF(ISNUMBER(AD54),INDEX(DA_y2data,MATCH(AD54,$AC$2:$AC$102,0)),NA())} -> #N/A | AF54: =IF($D$32=7,AE54,NA()) -> #N/A | AK54: =MIN('Manual Fitting'!$A$3:$A$32)+(MAX('Manual Fitting'!$A$3:$A$32)-MIN('Manual Fitting'!$A$3:$A$17))*(Guts!F54/100) -> 0 | AL54: =IF($AI$1=1,IF(AND(ISNUMBER($AH$15),ISNUMBER($AH$16)),$AH$15+AK54*$AH$16,NA()),IF($AI$1=2,IF(AND(ISNUMBER($AH$15),ISNUMBER($AH$16),ISNUMBER($AH$17)),$AH$15/(1+((AK54-$AH$16)/$AH$17)^2),NA()),IF($AI$1=3,IF(AND(ISNUMBER($AH$15),ISNUMBER($AH$16),ISNUMBER($AH$17)),$AH$15*EXP((-1)*((AK54-$AH$16)/$AH$17)^2),NA()), IF($AI$1=4,IF(AND(ISNUMBER($AH$15),ISNUMBER($AH$16),ISNUMBER($AH$17),ISNUMBER($AH$18)),$AH$15*SIN((AK54*$AH$16)-$AH$17)+$AH$18,NA()),NA())))) -> 0 | AP54: =IF($AI$1=1,IF(AND(ISNUMBER($AH$15),ISNUMBER($AH$16)),$AH$15+AN54*$AH$16,NA()),IF($AI$1=2,IF(AND(ISNUMBER($AH$15),ISNUMBER($AH$16),ISNUMBER($AH$17)),$AH$15/(1+((AN54-$AH$16)/$AH$17)^2),NA()), IF($AI$1=3,IF(AND(ISNUMBER($AH$15),ISNUMBER($AH$16),ISNUMBER($AH$17)),$AH$15*EXP(-(((AN54-$AH$16)/$AH$17)^2)),NA()),IF($AI$1=4,IF(AND(ISNUMBER($AH$15),ISNUMBER($AH$16),ISNUMBER($AH$17),ISNUMBER($AH$18)),$AH$15*SIN($AH$16*AN54-$AH$17)+$AH$18,NA()),NA())))) -> 0 | AQ54: =(AP54-AO54)^2 -> 0 | AR54: =(AO54-$AO$104)^2 -> #N/A
A55: unc. | F55: 53 | G55: =MIN(x1Data)+(MAX(x1Data)-MIN(x1Data))*(F55/100) -> 4240 | H55: =IF($D$1=1,$C$11+$B$11*G55, IF($D$1=2,$B$11*G55^#REF!,IF($D$1=3,$D$11+$C$11*G55+$B$11*(G55)^2,IF($D$1=4,$E$11+$D$11*G55+$C$11*(G55)^2+$B$11*(G55)^3,IF($D$1=5,EXP($C$11)*G55^($B$11),IF($D$1=6,EXP($C$11+G55*$B$11), NA())))))) -> #N/A | J55: =IFERROR(MIN(DA_x1data,DA_x2data)+(MAX(DA_x1data,DA_x2data)-MIN(DA_x1data,DA_x2data))*(F55/100), MIN(DA_x1data)+(MAX(DA_x1data)-MIN(DA_x1data))*(F55/100)) -> #N/A | K55: =IF($D$32=1,$B$48*J55+$C$48,IF($D$32=2,$B$48*J55^2+$C$48*J55+$D$48,IF($D$32=3,$B$48*J55^3+$C$48*J55^2+$D$48*J55+$E$48,IF($D$32=4,$B$48*J55^'Double Analysis'!$G$13,IF($D$32=5,EXP($C$48)*J55^$B$48,IF($D$32=6,EXP($C$48+J55*$B$48),NA())))))) -> #N/A | L55: =IF($D$32=1,$B$54*J55+$C$54,IF($D$32=2,$B$54*J55^2+$C$54*J55+$D$54,IF($D$32=3,$B$54*J55^3+$C$54*J55^2+$D$54*J55+$E$54,IF($D$32=4,$B$54*J55^'Double Analysis'!$G$13,IF($D$32=5,EXP($C$54)*J55^$B$54,IF($D$32=6,EXP($C$54+J55*$B$54),NA())))))) -> #N/A | N55: =IFERROR(SMALL($R$2:$R$102, ROW()-1),NA()) -> #N/A | O55: =IF(ISNUMBER(N55),INDEX(y1Data,MATCH(N55,$R$2:$R$102,0)),NA()) -> #N/A | P55: =IF($D$1=7,O55,NA()) -> #N/A | R55: =IF(Q55<>"",Q55+(0.0000000000001)*(COUNTIF($Q55:Q$102,Q55)-1),"") | Y55: =IF(ISNUMBER(T55),T55," ") | Z55: =IFERROR(SMALL($Y$2:$Y$102,ROW()-1),NA()) -> #N/A | AA55: {=IF(ISNUMBER(Z55),INDEX(DA_y1data,MATCH(Z55,$Y$2:$Y$102,0)),NA())} -> #N/A | AB55: =IF($D$32=7,AA55,NA()) -> #N/A | AC55: =IF(ISNUMBER(V55),V55," ") | AD55: =IFERROR(SMALL($AC$2:$AC$102,ROW()-1),NA()) -> #N/A | AE55: {=IF(ISNUMBER(AD55),INDEX(DA_y2data,MATCH(AD55,$AC$2:$AC$102,0)),NA())} -> #N/A | AF55: =IF($D$32=7,AE55,NA()) -> #N/A | AK55: =MIN('Manual Fitting'!$A$3:$A$32)+(MAX('Manual Fitting'!$A$3:$A$32)-MIN('Manual Fitting'!$A$3:$A$17))*(Guts!F55/100) -> 0 | AL55: =IF($AI$1=1,IF(AND(ISNUMBER($AH$15),ISNUMBER($AH$16)),$AH$15+AK55*$AH$16,NA()),IF($AI$1=2,IF(AND(ISNUMBER($AH$15),ISNUMBER($AH$16),ISNUMBER($AH$17)),$AH$15/(1+((AK55-$AH$16)/$AH$17)^2),NA()),IF($AI$1=3,IF(AND(ISNUMBER($AH$15),ISNUMBER($AH$16),ISNUMBER($AH$17)),$AH$15*EXP((-1)*((AK55-$AH$16)/$AH$17)^2),NA()), IF($AI$1=4,IF(AND(ISNUMBER($AH$15),ISNUMBER($AH$16),ISNUMBER($AH$17),ISNUMBER($AH$18)),$AH$15*SIN((AK55*$AH$16)-$AH$17)+$AH$18,NA()),NA())))) -> 0 | AP55: =IF($AI$1=1,IF(AND(ISNUMBER($AH$15),ISNUMBER($AH$16)),$AH$15+AN55*$AH$16,NA()),IF($AI$1=2,IF(AND(ISNUMBER($AH$15),ISNUMBER($AH$16),ISNUMBER($AH$17)),$AH$15/(1+((AN55-$AH$16)/$AH$17)^2),NA()), IF($AI$1=3,IF(AND(ISNUMBER($AH$15),ISNUMBER($AH$16),ISNUMBER($AH$17)),$AH$15*EXP(-(((AN55-$AH$16)/$AH$17)^2)),NA()),IF($AI$1=4,IF(AND(ISNUMBER($AH$15),ISNUMBER($AH$16),ISNUMBER($AH$17),ISNUMBER($AH$18)),$AH$15*SIN($AH$16*AN55-$AH$17)+$AH$18,NA()),NA())))) -> 0 | AQ55: =(AP55-AO55)^2 -> 0 | AR55: =(AO55-$AO$104)^2 -> #N/A
A56: stats | F56: 54 | G56: =MIN(x1Data)+(MAX(x1Data)-MIN(x1Data))*(F56/100) -> 4320 | H56: =IF($D$1=1,$C$11+$B$11*G56, IF($D$1=2,$B$11*G56^#REF!,IF($D$1=3,$D$11+$C$11*G56+$B$11*(G56)^2,IF($D$1=4,$E$11+$D$11*G56+$C$11*(G56)^2+$B$11*(G56)^3,IF($D$1=5,EXP($C$11)*G56^($B$11),IF($D$1=6,EXP($C$11+G56*$B$11), NA())))))) -> #N/A | J56: =IFERROR(MIN(DA_x1data,DA_x2data)+(MAX(DA_x1data,DA_x2data)-MIN(DA_x1data,DA_x2data))*(F56/100), MIN(DA_x1data)+(MAX(DA_x1data)-MIN(DA_x1data))*(F56/100)) -> #N/A | K56: =IF($D$32=1,$B$48*J56+$C$48,IF($D$32=2,$B$48*J56^2+$C$48*J56+$D$48,IF($D$32=3,$B$48*J56^3+$C$48*J56^2+$D$48*J56+$E$48,IF($D$32=4,$B$48*J56^'Double Analysis'!$G$13,IF($D$32=5,EXP($C$48)*J56^$B$48,IF($D$32=6,EXP($C$48+J56*$B$48),NA())))))) -> #N/A | L56: =IF($D$32=1,$B$54*J56+$C$54,IF($D$32=2,$B$54*J56^2+$C$54*J56+$D$54,IF($D$32=3,$B$54*J56^3+$C$54*J56^2+$D$54*J56+$E$54,IF($D$32=4,$B$54*J56^'Double Analysis'!$G$13,IF($D$32=5,EXP($C$54)*J56^$B$54,IF($D$32=6,EXP($C$54+J56*$B$54),NA())))))) -> #N/A | N56: =IFERROR(SMALL($R$2:$R$102, ROW()-1),NA()) -> #N/A | O56: =IF(ISNUMBER(N56),INDEX(y1Data,MATCH(N56,$R$2:$R$102,0)),NA()) -> #N/A | P56: =IF($D$1=7,O56,NA()) -> #N/A | R56: =IF(Q56<>"",Q56+(0.0000000000001)*(COUNTIF($Q56:Q$102,Q56)-1),"") | Y56: =IF(ISNUMBER(T56),T56," ") | Z56: =IFERROR(SMALL($Y$2:$Y$102,ROW()-1),NA()) -> #N/A | AA56: {=IF(ISNUMBER(Z56),INDEX(DA_y1data,MATCH(Z56,$Y$2:$Y$102,0)),NA())} -> #N/A | AB56: =IF($D$32=7,AA56,NA()) -> #N/A | AC56: =IF(ISNUMBER(V56),V56," ") | AD56: =IFERROR(SMALL($AC$2:$AC$102,ROW()-1),NA()) -> #N/A | AE56: {=IF(ISNUMBER(AD56),INDEX(DA_y2data,MATCH(AD56,$AC$2:$AC$102,0)),NA())} -> #N/A | AF56: =IF($D$32=7,AE56,NA()) -> #N/A | AK56: =MIN('Manual Fitting'!$A$3:$A$32)+(MAX('Manual Fitting'!$A$3:$A$32)-MIN('Manual Fitting'!$A$3:$A$17))*(Guts!F56/100) -> 0 | AL56: =IF($AI$1=1,IF(AND(ISNUMBER($AH$15),ISNUMBER($AH$16)),$AH$15+AK56*$AH$16,NA()),IF($AI$1=2,IF(AND(ISNUMBER($AH$15),ISNUMBER($AH$16),ISNUMBER($AH$17)),$AH$15/(1+((AK56-$AH$16)/$AH$17)^2),NA()),IF($AI$1=3,IF(AND(ISNUMBER($AH$15),ISNUMBER($AH$16),ISNUMBER($AH$17)),$AH$15*EXP((-1)*((AK56-$AH$16)/$AH$17)^2),NA()), IF($AI$1=4,IF(AND(ISNUMBER($AH$15),ISNUMBER($AH$16),ISNUMBER($AH$17),ISNUMBER($AH$18)),$AH$15*SIN((AK56*$AH$16)-$AH$17)+$AH$18,NA()),NA())))) -> 0 | AP56: =IF($AI$1=1,IF(AND(ISNUMBER($AH$15),ISNUMBER($AH$16)),$AH$15+AN56*$AH$16,NA()),IF($AI$1=2,IF(AND(ISNUMBER($AH$15),ISNUMBER($AH$16),ISNUMBER($AH$17)),$AH$15/(1+((AN56-$AH$16)/$AH$17)^2),NA()), IF($AI$1=3,IF(AND(ISNUMBER($AH$15),ISNUMBER($AH$16),ISNUMBER($AH$17)),$AH$15*EXP(-(((AN56-$AH$16)/$AH$17)^2)),NA()),IF($AI$1=4,IF(AND(ISNUMBER($AH$15),ISNUMBER($AH$16),ISNUMBER($AH$17),ISNUMBER($AH$18)),$AH$15*SIN($AH$16*AN56-$AH$17)+$AH$18,NA()),NA())))) -> 0 | AQ56: =(AP56-AO56)^2 -> 0 | AR56: =(AO56-$AO$104)^2 -> #N/A
F57: 55 | G57: =MIN(x1Data)+(MAX(x1Data)-MIN(x1Data))*(F57/100) -> 4400 | H57: =IF($D$1=1,$C$11+$B$11*G57, IF($D$1=2,$B$11*G57^#REF!,IF($D$1=3,$D$11+$C$11*G57+$B$11*(G57)^2,IF($D$1=4,$E$11+$D$11*G57+$C$11*(G57)^2+$B$11*(G57)^3,IF($D$1=5,EXP($C$11)*G57^($B$11),IF($D$1=6,EXP($C$11+G57*$B$11), NA())))))) -> #N/A | J57: =IFERROR(MIN(DA_x1data,DA_x2data)+(MAX(DA_x1data,DA_x2data)-MIN(DA_x1data,DA_x2data))*(F57/100), MIN(DA_x1data)+(MAX(DA_x1data)-MIN(DA_x1data))*(F57/100)) -> #N/A | K57: =IF($D$32=1,$B$48*J57+$C$48,IF($D$32=2,$B$48*J57^2+$C$48*J57+$D$48,IF($D$32=3,$B$48*J57^3+$C$48*J57^2+$D$48*J57+$E$48,IF($D$32=4,$B$48*J57^'Double Analysis'!$G$13,IF($D$32=5,EXP($C$48)*J57^$B$48,IF($D$32=6,EXP($C$48+J57*$B$48),NA())))))) -> #N/A | L57: =IF($D$32=1,$B$54*J57+$C$54,IF($D$32=2,$B$54*J57^2+$C$54*J57+$D$54,IF($D$32=3,$B$54*J57^3+$C$54*J57^2+$D$54*J57+$E$54,IF($D$32=4,$B$54*J57^'Double Analysis'!$G$13,IF($D$32=5,EXP($C$54)*J57^$B$54,IF($D$32=6,EXP($C$54+J57*$B$54),NA())))))) -> #N/A | N57: =IFERROR(SMALL($R$2:$R$102, ROW()-1),NA()) -> #N/A | O57: =IF(ISNUMBER(N57),INDEX(y1Data,MATCH(N57,$R$2:$R$102,0)),NA()) -> #N/A | P57: =IF($D$1=7,O57,NA()) -> #N/A | R57: =IF(Q57<>"",Q57+(0.0000000000001)*(COUNTIF($Q57:Q$102,Q57)-1),"") | Y57: =IF(ISNUMBER(T57),T57," ") | Z57: =IFERROR(SMALL($Y$2:$Y$102,ROW()-1),NA()) -> #N/A | AA57: {=IF(ISNUMBER(Z57),INDEX(DA_y1data,MATCH(Z57,$Y$2:$Y$102,0)),NA())} -> #N/A | AB57: =IF($D$32=7,AA57,NA()) -> #N/A | AC57: =IF(ISNUMBER(V57),V57," ") | AD57: =IFERROR(SMALL($AC$2:$AC$102,ROW()-1),NA()) -> #N/A | AE57: {=IF(ISNUMBER(AD57),INDEX(DA_y2data,MATCH(AD57,$AC$2:$AC$102,0)),NA())} -> #N/A | AF57: =IF($D$32=7,AE57,NA()) -> #N/A | AK57: =MIN('Manual Fitting'!$A$3:$A$32)+(MAX('Manual Fitting'!$A$3:$A$32)-MIN('Manual Fitting'!$A$3:$A$17))*(Guts!F57/100) -> 0 | AL57: =IF($AI$1=1,IF(AND(ISNUMBER($AH$15),ISNUMBER($AH$16)),$AH$15+AK57*$AH$16,NA()),IF($AI$1=2,IF(AND(ISNUMBER($AH$15),ISNUMBER($AH$16),ISNUMBER($AH$17)),$AH$15/(1+((AK57-$AH$16)/$AH$17)^2),NA()),IF($AI$1=3,IF(AND(ISNUMBER($AH$15),ISNUMBER($AH$16),ISNUMBER($AH$17)),$AH$15*EXP((-1)*((AK57-$AH$16)/$AH$17)^2),NA()), IF($AI$1=4,IF(AND(ISNUMBER($AH$15),ISNUMBER($AH$16),ISNUMBER($AH$17),ISNUMBER($AH$18)),$AH$15*SIN((AK57*$AH$16)-$AH$17)+$AH$18,NA()),NA())))) -> 0 | AP57: =IF($AI$1=1,IF(AND(ISNUMBER($AH$15),ISNUMBER($AH$16)),$AH$15+AN57*$AH$16,NA()),IF($AI$1=2,IF(AND(ISNUMBER($AH$15),ISNUMBER($AH$16),ISNUMBER($AH$17)),$AH$15/(1+((AN57-$AH$16)/$AH$17)^2),NA()), IF($AI$1=3,IF(AND(ISNUMBER($AH$15),ISNUMBER($AH$16),ISNUMBER($AH$17)),$AH$15*EXP(-(((AN57-$AH$16)/$AH$17)^2)),NA()),IF($AI$1=4,IF(AND(ISNUMBER($AH$15),ISNUMBER($AH$16),ISNUMBER($AH$17),ISNUMBER($AH$18)),$AH$15*SIN($AH$16*AN57-$AH$17)+$AH$18,NA()),NA())))) -> 0 | AQ57: =(AP57-AO57)^2 -> 0 | AR57: =(AO57-$AO$104)^2 -> #N/A
F58: 56 | G58: =MIN(x1Data)+(MAX(x1Data)-MIN(x1Data))*(F58/100) -> 4480 | H58: =IF($D$1=1,$C$11+$B$11*G58, IF($D$1=2,$B$11*G58^#REF!,IF($D$1=3,$D$11+$C$11*G58+$B$11*(G58)^2,IF($D$1=4,$E$11+$D$11*G58+$C$11*(G58)^2+$B$11*(G58)^3,IF($D$1=5,EXP($C$11)*G58^($B$11),IF($D$1=6,EXP($C$11+G58*$B$11), NA())))))) -> #N/A | J58: =IFERROR(MIN(DA_x1data,DA_x2data)+(MAX(DA_x1data,DA_x2data)-MIN(DA_x1data,DA_x2data))*(F58/100), MIN(DA_x1data)+(MAX(DA_x1data)-MIN(DA_x1data))*(F58/100)) -> #N/A | K58: =IF($D$32=1,$B$48*J58+$C$48,IF($D$32=2,$B$48*J58^2+$C$48*J58+$D$48,IF($D$32=3,$B$48*J58^3+$C$48*J58^2+$D$48*J58+$E$48,IF($D$32=4,$B$48*J58^'Double Analysis'!$G$13,IF($D$32=5,EXP($C$48)*J58^$B$48,IF($D$32=6,EXP($C$48+J58*$B$48),NA())))))) -> #N/A | L58: =IF($D$32=1,$B$54*J58+$C$54,IF($D$32=2,$B$54*J58^2+$C$54*J58+$D$54,IF($D$32=3,$B$54*J58^3+$C$54*J58^2+$D$54*J58+$E$54,IF($D$32=4,$B$54*J58^'Double Analysis'!$G$13,IF($D$32=5,EXP($C$54)*J58^$B$54,IF($D$32=6,EXP($C$54+J58*$B$54),NA())))))) -> #N/A | N58: =IFERROR(SMALL($R$2:$R$102, ROW()-1),NA()) -> #N/A | O58: =IF(ISNUMBER(N58),INDEX(y1Data,MATCH(N58,$R$2:$R$102,0)),NA()) -> #N/A | P58: =IF($D$1=7,O58,NA()) -> #N/A | R58: =IF(Q58<>"",Q58+(0.0000000000001)*(COUNTIF($Q58:Q$102,Q58)-1),"") | Y58: =IF(ISNUMBER(T58),T58," ") | Z58: =IFERROR(SMALL($Y$2:$Y$102,ROW()-1),NA()) -> #N/A | AA58: {=IF(ISNUMBER(Z58),INDEX(DA_y1data,MATCH(Z58,$Y$2:$Y$102,0)),NA())} -> #N/A | AB58: =IF($D$32=7,AA58,NA()) -> #N/A | AC58: =IF(ISNUMBER(V58),V58," ") | AD58: =IFERROR(SMALL($AC$2:$AC$102,ROW()-1),NA()) -> #N/A | AE58: {=IF(ISNUMBER(AD58),INDEX(DA_y2data,MATCH(AD58,$AC$2:$AC$102,0)),NA())} -> #N/A | AF58: =IF($D$32=7,AE58,NA()) -> #N/A | AK58: =MIN('Manual Fitting'!$A$3:$A$32)+(MAX('Manual Fitting'!$A$3:$A$32)-MIN('Manual Fitting'!$A$3:$A$17))*(Guts!F58/100) -> 0 | AL58: =IF($AI$1=1,IF(AND(ISNUMBER($AH$15),ISNUMBER($AH$16)),$AH$15+AK58*$AH$16,NA()),IF($AI$1=2,IF(AND(ISNUMBER($AH$15),ISNUMBER($AH$16),ISNUMBER($AH$17)),$AH$15/(1+((AK58-$AH$16)/$AH$17)^2),NA()),IF($AI$1=3,IF(AND(ISNUMBER($AH$15),ISNUMBER($AH$16),ISNUMBER($AH$17)),$AH$15*EXP((-1)*((AK58-$AH$16)/$AH$17)^2),NA()), IF($AI$1=4,IF(AND(ISNUMBER($AH$15),ISNUMBER($AH$16),ISNUMBER($AH$17),ISNUMBER($AH$18)),$AH$15*SIN((AK58*$AH$16)-$AH$17)+$AH$18,NA()),NA())))) -> 0 | AP58: =IF($AI$1=1,IF(AND(ISNUMBER($AH$15),ISNUMBER($AH$16)),$AH$15+AN58*$AH$16,NA()),IF($AI$1=2,IF(AND(ISNUMBER($AH$15),ISNUMBER($AH$16),ISNUMBER($AH$17)),$AH$15/(1+((AN58-$AH$16)/$AH$17)^2),NA()), IF($AI$1=3,IF(AND(ISNUMBER($AH$15),ISNUMBER($AH$16),ISNUMBER($AH$17)),$AH$15*EXP(-(((AN58-$AH$16)/$AH$17)^2)),NA()),IF($AI$1=4,IF(AND(ISNUMBER($AH$15),ISNUMBER($AH$16),ISNUMBER($AH$17),ISNUMBER($AH$18)),$AH$15*SIN($AH$16*AN58-$AH$17)+$AH$18,NA()),NA())))) -> 0 | AQ58: =(AP58-AO58)^2 -> 0 | AR58: =(AO58-$AO$104)^2 -> #N/A
A59: Final row with data in x-data column (N) | F59: 57 | G59: =MIN(x1Data)+(MAX(x1Data)-MIN(x1Data))*(F59/100) -> 4560 | H59: =IF($D$1=1,$C$11+$B$11*G59, IF($D$1=2,$B$11*G59^#REF!,IF($D$1=3,$D$11+$C$11*G59+$B$11*(G59)^2,IF($D$1=4,$E$11+$D$11*G59+$C$11*(G59)^2+$B$11*(G59)^3,IF($D$1=5,EXP($C$11)*G59^($B$11),IF($D$1=6,EXP($C$11+G59*$B$11), NA())))))) -> #N/A | J59: =IFERROR(MIN(DA_x1data,DA_x2data)+(MAX(DA_x1data,DA_x2data)-MIN(DA_x1data,DA_x2data))*(F59/100), MIN(DA_x1data)+(MAX(DA_x1data)-MIN(DA_x1data))*(F59/100)) -> #N/A | K59: =IF($D$32=1,$B$48*J59+$C$48,IF($D$32=2,$B$48*J59^2+$C$48*J59+$D$48,IF($D$32=3,$B$48*J59^3+$C$48*J59^2+$D$48*J59+$E$48,IF($D$32=4,$B$48*J59^'Double Analysis'!$G$13,IF($D$32=5,EXP($C$48)*J59^$B$48,IF($D$32=6,EXP($C$48+J59*$B$48),NA())))))) -> #N/A | L59: =IF($D$32=1,$B$54*J59+$C$54,IF($D$32=2,$B$54*J59^2+$C$54*J59+$D$54,IF($D$32=3,$B$54*J59^3+$C$54*J59^2+$D$54*J59+$E$54,IF($D$32=4,$B$54*J59^'Double Analysis'!$G$13,IF($D$32=5,EXP($C$54)*J59^$B$54,IF($D$32=6,EXP($C$54+J59*$B$54),NA())))))) -> #N/A | N59: =IFERROR(SMALL($R$2:$R$102, ROW()-1),NA()) -> #N/A | O59: =IF(ISNUMBER(N59),INDEX(y1Data,MATCH(N59,$R$2:$R$102,0)),NA()) -> #N/A | P59: =IF($D$1=7,O59,NA()) -> #N/A | R59: =IF(Q59<>"",Q59+(0.0000000000001)*(COUNTIF($Q59:Q$102,Q59)-1),"") | Y59: =IF(ISNUMBER(T59),T59," ") | Z59: =IFERROR(SMALL($Y$2:$Y$102,ROW()-1),NA()) -> #N/A | AA59: {=IF(ISNUMBER(Z59),INDEX(DA_y1data,MATCH(Z59,$Y$2:$Y$102,0)),NA())} -> #N/A | AB59: =IF($D$32=7,AA59,NA()) -> #N/A | AC59: =IF(ISNUMBER(V59),V59," ") | AD59: =IFERROR(SMALL($AC$2:$AC$102,ROW()-1),NA()) -> #N/A | AE59: {=IF(ISNUMBER(AD59),INDEX(DA_y2data,MATCH(AD59,$AC$2:$AC$102,0)),NA())} -> #N/A | AF59: =IF($D$32=7,AE59,NA()) -> #N/A | AK59: =MIN('Manual Fitting'!$A$3:$A$32)+(MAX('Manual Fitting'!$A$3:$A$32)-MIN('Manual Fitting'!$A$3:$A$17))*(Guts!F59/100) -> 0 | AL59: =IF($AI$1=1,IF(AND(ISNUMBER($AH$15),ISNUMBER($AH$16)),$AH$15+AK59*$AH$16,NA()),IF($AI$1=2,IF(AND(ISNUMBER($AH$15),ISNUMBER($AH$16),ISNUMBER($AH$17)),$AH$15/(1+((AK59-$AH$16)/$AH$17)^2),NA()),IF($AI$1=3,IF(AND(ISNUMBER($AH$15),ISNUMBER($AH$16),ISNUMBER($AH$17)),$AH$15*EXP((-1)*((AK59-$AH$16)/$AH$17)^2),NA()), IF($AI$1=4,IF(AND(ISNUMBER($AH$15),ISNUMBER($AH$16),ISNUMBER($AH$17),ISNUMBER($AH$18)),$AH$15*SIN((AK59*$AH$16)-$AH$17)+$AH$18,NA()),NA())))) -> 0 | AP59: =IF($AI$1=1,IF(AND(ISNUMBER($AH$15),ISNUMBER($AH$16)),$AH$15+AN59*$AH$16,NA()),IF($AI$1=2,IF(AND(ISNUMBER($AH$15),ISNUMBER($AH$16),ISNUMBER($AH$17)),$AH$15/(1+((AN59-$AH$16)/$AH$17)^2),NA()), IF($AI$1=3,IF(AND(ISNUMBER($AH$15),ISNUMBER($AH$16),ISNUMBER($AH$17)),$AH$15*EXP(-(((AN59-$AH$16)/$AH$17)^2)),NA()),IF($AI$1=4,IF(AND(ISNUMBER($AH$15),ISNUMBER($AH$16),ISNUMBER($AH$17),ISNUMBER($AH$18)),$AH$15*SIN($AH$16*AN59-$AH$17)+$AH$18,NA()),NA())))) -> 0 | AQ59: =(AP59-AO59)^2 -> 0 | AR59: =(AO59-$AO$104)^2 -> #N/A
A60: =1+COUNT(INDIRECT("'"&"Analysis"&"'"&"!"&ADDRESS(Guts!$D$7,1)):INDIRECT("'"&"Analysis"&"'"&"!"&ADDRESS(Guts!$D$4,1))) -> 36 | F60: 58 | G60: =MIN(x1Data)+(MAX(x1Data)-MIN(x1Data))*(F60/100) -> 4640 | H60: =IF($D$1=1,$C$11+$B$11*G60, IF($D$1=2,$B$11*G60^#REF!,IF($D$1=3,$D$11+$C$11*G60+$B$11*(G60)^2,IF($D$1=4,$E$11+$D$11*G60+$C$11*(G60)^2+$B$11*(G60)^3,IF($D$1=5,EXP($C$11)*G60^($B$11),IF($D$1=6,EXP($C$11+G60*$B$11), NA())))))) -> #N/A | J60: =IFERROR(MIN(DA_x1data,DA_x2data)+(MAX(DA_x1data,DA_x2data)-MIN(DA_x1data,DA_x2data))*(F60/100), MIN(DA_x1data)+(MAX(DA_x1data)-MIN(DA_x1data))*(F60/100)) -> #N/A | K60: =IF($D$32=1,$B$48*J60+$C$48,IF($D$32=2,$B$48*J60^2+$C$48*J60+$D$48,IF($D$32=3,$B$48*J60^3+$C$48*J60^2+$D$48*J60+$E$48,IF($D$32=4,$B$48*J60^'Double Analysis'!$G$13,IF($D$32=5,EXP($C$48)*J60^$B$48,IF($D$32=6,EXP($C$48+J60*$B$48),NA())))))) -> #N/A | L60: =IF($D$32=1,$B$54*J60+$C$54,IF($D$32=2,$B$54*J60^2+$C$54*J60+$D$54,IF($D$32=3,$B$54*J60^3+$C$54*J60^2+$D$54*J60+$E$54,IF($D$32=4,$B$54*J60^'Double Analysis'!$G$13,IF($D$32=5,EXP($C$54)*J60^$B$54,IF($D$32=6,EXP($C$54+J60*$B$54),NA())))))) -> #N/A | N60: =IFERROR(SMALL($R$2:$R$102, ROW()-1),NA()) -> #N/A | O60: =IF(ISNUMBER(N60),INDEX(y1Data,MATCH(N60,$R$2:$R$102,0)),NA()) -> #N/A | P60: =IF($D$1=7,O60,NA()) -> #N/A | R60: =IF(Q60<>"",Q60+(0.0000000000001)*(COUNTIF($Q60:Q$102,Q60)-1),"") | Y60: =IF(ISNUMBER(T60),T60," ") | Z60: =IFERROR(SMALL($Y$2:$Y$102,ROW()-1),NA()) -> #N/A | AA60: {=IF(ISNUMBER(Z60),INDEX(DA_y1data,MATCH(Z60,$Y$2:$Y$102,0)),NA())} -> #N/A | AB60: =IF($D$32=7,AA60,NA()) -> #N/A | AC60: =IF(ISNUMBER(V60),V60," ") | AD60: =IFERROR(SMALL($AC$2:$AC$102,ROW()-1),NA()) -> #N/A | AE60: {=IF(ISNUMBER(AD60),INDEX(DA_y2data,MATCH(AD60,$AC$2:$AC$102,0)),NA())} -> #N/A | AF60: =IF($D$32=7,AE60,NA()) -> #N/A | AK60: =MIN('Manual Fitting'!$A$3:$A$32)+(MAX('Manual Fitting'!$A$3:$A$32)-MIN('Manual Fitting'!$A$3:$A$17))*(Guts!F60/100) -> 0 | AL60: =IF($AI$1=1,IF(AND(ISNUMBER($AH$15),ISNUMBER($AH$16)),$AH$15+AK60*$AH$16,NA()),IF($AI$1=2,IF(AND(ISNUMBER($AH$15),ISNUMBER($AH$16),ISNUMBER($AH$17)),$AH$15/(1+((AK60-$AH$16)/$AH$17)^2),NA()),IF($AI$1=3,IF(AND(ISNUMBER($AH$15),ISNUMBER($AH$16),ISNUMBER($AH$17)),$AH$15*EXP((-1)*((AK60-$AH$16)/$AH$17)^2),NA()), IF($AI$1=4,IF(AND(ISNUMBER($AH$15),ISNUMBER($AH$16),ISNUMBER($AH$17),ISNUMBER($AH$18)),$AH$15*SIN((AK60*$AH$16)-$AH$17)+$AH$18,NA()),NA())))) -> 0 | AP60: =IF($AI$1=1,IF(AND(ISNUMBER($AH$15),ISNUMBER($AH$16)),$AH$15+AN60*$AH$16,NA()),IF($AI$1=2,IF(AND(ISNUMBER($AH$15),ISNUMBER($AH$16),ISNUMBER($AH$17)),$AH$15/(1+((AN60-$AH$16)/$AH$17)^2),NA()), IF($AI$1=3,IF(AND(ISNUMBER($AH$15),ISNUMBER($AH$16),ISNUMBER($AH$17)),$AH$15*EXP(-(((AN60-$AH$16)/$AH$17)^2)),NA()),IF($AI$1=4,IF(AND(ISNUMBER($AH$15),ISNUMBER($AH$16),ISNUMBER($AH$17),ISNUMBER($AH$18)),$AH$15*SIN($AH$16*AN60-$AH$17)+$AH$18,NA()),NA())))) -> 0 | AQ60: =(AP60-AO60)^2 -> 0 | AR60: =(AO60-$AO$104)^2 -> #N/A
F61: 59 | G61: =MIN(x1Data)+(MAX(x1Data)-MIN(x1Data))*(F61/100) -> 4720 | H61: =IF($D$1=1,$C$11+$B$11*G61, IF($D$1=2,$B$11*G61^#REF!,IF($D$1=3,$D$11+$C$11*G61+$B$11*(G61)^2,IF($D$1=4,$E$11+$D$11*G61+$C$11*(G61)^2+$B$11*(G61)^3,IF($D$1=5,EXP($C$11)*G61^($B$11),IF($D$1=6,EXP($C$11+G61*$B$11), NA())))))) -> #N/A | J61: =IFERROR(MIN(DA_x1data,DA_x2data)+(MAX(DA_x1data,DA_x2data)-MIN(DA_x1data,DA_x2data))*(F61/100), MIN(DA_x1data)+(MAX(DA_x1data)-MIN(DA_x1data))*(F61/100)) -> #N/A | K61: =IF($D$32=1,$B$48*J61+$C$48,IF($D$32=2,$B$48*J61^2+$C$48*J61+$D$48,IF($D$32=3,$B$48*J61^3+$C$48*J61^2+$D$48*J61+$E$48,IF($D$32=4,$B$48*J61^'Double Analysis'!$G$13,IF($D$32=5,EXP($C$48)*J61^$B$48,IF($D$32=6,EXP($C$48+J61*$B$48),NA())))))) -> #N/A | L61: =IF($D$32=1,$B$54*J61+$C$54,IF($D$32=2,$B$54*J61^2+$C$54*J61+$D$54,IF($D$32=3,$B$54*J61^3+$C$54*J61^2+$D$54*J61+$E$54,IF($D$32=4,$B$54*J61^'Double Analysis'!$G$13,IF($D$32=5,EXP($C$54)*J61^$B$54,IF($D$32=6,EXP($C$54+J61*$B$54),NA())))))) -> #N/A | N61: =IFERROR(SMALL($R$2:$R$102, ROW()-1),NA()) -> #N/A | O61: =IF(ISNUMBER(N61),INDEX(y1Data,MATCH(N61,$R$2:$R$102,0)),NA()) -> #N/A | P61: =IF($D$1=7,O61,NA()) -> #N/A | R61: =IF(Q61<>"",Q61+(0.0000000000001)*(COUNTIF($Q61:Q$102,Q61)-1),"") | Y61: =IF(ISNUMBER(T61),T61," ") | Z61: =IFERROR(SMALL($Y$2:$Y$102,ROW()-1),NA()) -> #N/A | AA61: {=IF(ISNUMBER(Z61),INDEX(DA_y1data,MATCH(Z61,$Y$2:$Y$102,0)),NA())} -> #N/A | AB61: =IF($D$32=7,AA61,NA()) -> #N/A | AC61: =IF(ISNUMBER(V61),V61," ") | AD61: =IFERROR(SMALL($AC$2:$AC$102,ROW()-1),NA()) -> #N/A | AE61: {=IF(ISNUMBER(AD61),INDEX(DA_y2data,MATCH(AD61,$AC$2:$AC$102,0)),NA())} -> #N/A | AF61: =IF($D$32=7,AE61,NA()) -> #N/A | AK61: =MIN('Manual Fitting'!$A$3:$A$32)+(MAX('Manual Fitting'!$A$3:$A$32)-MIN('Manual Fitting'!$A$3:$A$17))*(Guts!F61/100) -> 0 | AL61: =IF($AI$1=1,IF(AND(ISNUMBER($AH$15),ISNUMBER($AH$16)),$AH$15+AK61*$AH$16,NA()),IF($AI$1=2,IF(AND(ISNUMBER($AH$15),ISNUMBER($AH$16),ISNUMBER($AH$17)),$AH$15/(1+((AK61-$AH$16)/$AH$17)^2),NA()),IF($AI$1=3,IF(AND(ISNUMBER($AH$15),ISNUMBER($AH$16),ISNUMBER($AH$17)),$AH$15*EXP((-1)*((AK61-$AH$16)/$AH$17)^2),NA()), IF($AI$1=4,IF(AND(ISNUMBER($AH$15),ISNUMBER($AH$16),ISNUMBER($AH$17),ISNUMBER($AH$18)),$AH$15*SIN((AK61*$AH$16)-$AH$17)+$AH$18,NA()),NA())))) -> 0 | AP61: =IF($AI$1=1,IF(AND(ISNUMBER($AH$15),ISNUMBER($AH$16)),$AH$15+AN61*$AH$16,NA()),IF($AI$1=2,IF(AND(ISNUMBER($AH$15),ISNUMBER($AH$16),ISNUMBER($AH$17)),$AH$15/(1+((AN61-$AH$16)/$AH$17)^2),NA()), IF($AI$1=3,IF(AND(ISNUMBER($AH$15),ISNUMBER($AH$16),ISNUMBER($AH$17)),$AH$15*EXP(-(((AN61-$AH$16)/$AH$17)^2)),NA()),IF($AI$1=4,IF(AND(ISNUMBER($AH$15),ISNUMBER($AH$16),ISNUMBER($AH$17),ISNUMBER($AH$18)),$AH$15*SIN($AH$16*AN61-$AH$17)+$AH$18,NA()),NA())))) -> 0 | AQ61: =(AP61-AO61)^2 -> 0 | AR61: =(AO61-$AO$104)^2 -> #N/A
B62: Manual fit info | F62: 60 | G62: =MIN(x1Data)+(MAX(x1Data)-MIN(x1Data))*(F62/100) -> 4800 | H62: =IF($D$1=1,$C$11+$B$11*G62, IF($D$1=2,$B$11*G62^#REF!,IF($D$1=3,$D$11+$C$11*G62+$B$11*(G62)^2,IF($D$1=4,$E$11+$D$11*G62+$C$11*(G62)^2+$B$11*(G62)^3,IF($D$1=5,EXP($C$11)*G62^($B$11),IF($D$1=6,EXP($C$11+G62*$B$11), NA())))))) -> #N/A | J62: =IFERROR(MIN(DA_x1data,DA_x2data)+(MAX(DA_x1data,DA_x2data)-MIN(DA_x1data,DA_x2data))*(F62/100), MIN(DA_x1data)+(MAX(DA_x1data)-MIN(DA_x1data))*(F62/100)) -> #N/A | K62: =IF($D$32=1,$B$48*J62+$C$48,IF($D$32=2,$B$48*J62^2+$C$48*J62+$D$48,IF($D$32=3,$B$48*J62^3+$C$48*J62^2+$D$48*J62+$E$48,IF($D$32=4,$B$48*J62^'Double Analysis'!$G$13,IF($D$32=5,EXP($C$48)*J62^$B$48,IF($D$32=6,EXP($C$48+J62*$B$48),NA())))))) -> #N/A | L62: =IF($D$32=1,$B$54*J62+$C$54,IF($D$32=2,$B$54*J62^2+$C$54*J62+$D$54,IF($D$32=3,$B$54*J62^3+$C$54*J62^2+$D$54*J62+$E$54,IF($D$32=4,$B$54*J62^'Double Analysis'!$G$13,IF($D$32=5,EXP($C$54)*J62^$B$54,IF($D$32=6,EXP($C$54+J62*$B$54),NA())))))) -> #N/A | N62: =IFERROR(SMALL($R$2:$R$102, ROW()-1),NA()) -> #N/A | O62: =IF(ISNUMBER(N62),INDEX(y1Data,MATCH(N62,$R$2:$R$102,0)),NA()) -> #N/A | P62: =IF($D$1=7,O62,NA()) -> #N/A | R62: =IF(Q62<>"",Q62+(0.0000000000001)*(COUNTIF($Q62:Q$102,Q62)-1),"") | Y62: =IF(ISNUMBER(T62),T62," ") | Z62: =IFERROR(SMALL($Y$2:$Y$102,ROW()-1),NA()) -> #N/A | AA62: {=IF(ISNUMBER(Z62),INDEX(DA_y1data,MATCH(Z62,$Y$2:$Y$102,0)),NA())} -> #N/A | AB62: =IF($D$32=7,AA62,NA()) -> #N/A | AC62: =IF(ISNUMBER(V62),V62," ") | AD62: =IFERROR(SMALL($AC$2:$AC$102,ROW()-1),NA()) -> #N/A | AE62: {=IF(ISNUMBER(AD62),INDEX(DA_y2data,MATCH(AD62,$AC$2:$AC$102,0)),NA())} -> #N/A | AF62: =IF($D$32=7,AE62,NA()) -> #N/A | AK62: =MIN('Manual Fitting'!$A$3:$A$32)+(MAX('Manual Fitting'!$A$3:$A$32)-MIN('Manual Fitting'!$A$3:$A$17))*(Guts!F62/100) -> 0 | AL62: =IF($AI$1=1,IF(AND(ISNUMBER($AH$15),ISNUMBER($AH$16)),$AH$15+AK62*$AH$16,NA()),IF($AI$1=2,IF(AND(ISNUMBER($AH$15),ISNUMBER($AH$16),ISNUMBER($AH$17)),$AH$15/(1+((AK62-$AH$16)/$AH$17)^2),NA()),IF($AI$1=3,IF(AND(ISNUMBER($AH$15),ISNUMBER($AH$16),ISNUMBER($AH$17)),$AH$15*EXP((-1)*((AK62-$AH$16)/$AH$17)^2),NA()), IF($AI$1=4,IF(AND(ISNUMBER($AH$15),ISNUMBER($AH$16),ISNUMBER($AH$17),ISNUMBER($AH$18)),$AH$15*SIN((AK62*$AH$16)-$AH$17)+$AH$18,NA()),NA())))) -> 0 | AP62: =IF($AI$1=1,IF(AND(ISNUMBER($AH$15),ISNUMBER($AH$16)),$AH$15+AN62*$AH$16,NA()),IF($AI$1=2,IF(AND(ISNUMBER($AH$15),ISNUMBER($AH$16),ISNUMBER($AH$17)),$AH$15/(1+((AN62-$AH$16)/$AH$17)^2),NA()), IF($AI$1=3,IF(AND(ISNUMBER($AH$15),ISNUMBER($AH$16),ISNUMBER($AH$17)),$AH$15*EXP(-(((AN62-$AH$16)/$AH$17)^2)),NA()),IF($AI$1=4,IF(AND(ISNUMBER($AH$15),ISNUMBER($AH$16),ISNUMBER($AH$17),ISNUMBER($AH$18)),$AH$15*SIN($AH$16*AN62-$AH$17)+$AH$18,NA()),NA())))) -> 0 | AQ62: =(AP62-AO62)^2 -> 0 | AR62: =(AO62-$AO$104)^2 -> #N/A
A63: Last row with x data | D63: {=LOOKUP(2,1/ISNUMBER('Manual Fitting'!A:A),ROW('Manual Fitting'!A:A))} -> #N/A | F63: 61 | G63: =MIN(x1Data)+(MAX(x1Data)-MIN(x1Data))*(F63/100) -> 4880 | H63: =IF($D$1=1,$C$11+$B$11*G63, IF($D$1=2,$B$11*G63^#REF!,IF($D$1=3,$D$11+$C$11*G63+$B$11*(G63)^2,IF($D$1=4,$E$11+$D$11*G63+$C$11*(G63)^2+$B$11*(G63)^3,IF($D$1=5,EXP($C$11)*G63^($B$11),IF($D$1=6,EXP($C$11+G63*$B$11), NA())))))) -> #N/A | J63: =IFERROR(MIN(DA_x1data,DA_x2data)+(MAX(DA_x1data,DA_x2data)-MIN(DA_x1data,DA_x2data))*(F63/100), MIN(DA_x1data)+(MAX(DA_x1data)-MIN(DA_x1data))*(F63/100)) -> #N/A | K63: =IF($D$32=1,$B$48*J63+$C$48,IF($D$32=2,$B$48*J63^2+$C$48*J63+$D$48,IF($D$32=3,$B$48*J63^3+$C$48*J63^2+$D$48*J63+$E$48,IF($D$32=4,$B$48*J63^'Double Analysis'!$G$13,IF($D$32=5,EXP($C$48)*J63^$B$48,IF($D$32=6,EXP($C$48+J63*$B$48),NA())))))) -> #N/A | L63: =IF($D$32=1,$B$54*J63+$C$54,IF($D$32=2,$B$54*J63^2+$C$54*J63+$D$54,IF($D$32=3,$B$54*J63^3+$C$54*J63^2+$D$54*J63+$E$54,IF($D$32=4,$B$54*J63^'Double Analysis'!$G$13,IF($D$32=5,EXP($C$54)*J63^$B$54,IF($D$32=6,EXP($C$54+J63*$B$54),NA())))))) -> #N/A | N63: =IFERROR(SMALL($R$2:$R$102, ROW()-1),NA()) -> #N/A | O63: =IF(ISNUMBER(N63),INDEX(y1Data,MATCH(N63,$R$2:$R$102,0)),NA()) -> #N/A | P63: =IF($D$1=7,O63,NA()) -> #N/A | R63: =IF(Q63<>"",Q63+(0.0000000000001)*(COUNTIF($Q63:Q$102,Q63)-1),"") | Y63: =IF(ISNUMBER(T63),T63," ") | Z63: =IFERROR(SMALL($Y$2:$Y$102,ROW()-1),NA()) -> #N/A | AA63: {=IF(ISNUMBER(Z63),INDEX(DA_y1data,MATCH(Z63,$Y$2:$Y$102,0)),NA())} -> #N/A | AB63: =IF($D$32=7,AA63,NA()) -> #N/A | AC63: =IF(ISNUMBER(V63),V63," ") | AD63: =IFERROR(SMALL($AC$2:$AC$102,ROW()-1),NA()) -> #N/A | AE63: {=IF(ISNUMBER(AD63),INDEX(DA_y2data,MATCH(AD63,$AC$2:$AC$102,0)),NA())} -> #N/A | AF63: =IF($D$32=7,AE63,NA()) -> #N/A | AK63: =MIN('Manual Fitting'!$A$3:$A$32)+(MAX('Manual Fitting'!$A$3:$A$32)-MIN('Manual Fitting'!$A$3:$A$17))*(Guts!F63/100) -> 0 | AL63: =IF($AI$1=1,IF(AND(ISNUMBER($AH$15),ISNUMBER($AH$16)),$AH$15+AK63*$AH$16,NA()),IF($AI$1=2,IF(AND(ISNUMBER($AH$15),ISNUMBER($AH$16),ISNUMBER($AH$17)),$AH$15/(1+((AK63-$AH$16)/$AH$17)^2),NA()),IF($AI$1=3,IF(AND(ISNUMBER($AH$15),ISNUMBER($AH$16),ISNUMBER($AH$17)),$AH$15*EXP((-1)*((AK63-$AH$16)/$AH$17)^2),NA()), IF($AI$1=4,IF(AND(ISNUMBER($AH$15),ISNUMBER($AH$16),ISNUMBER($AH$17),ISNUMBER($AH$18)),$AH$15*SIN((AK63*$AH$16)-$AH$17)+$AH$18,NA()),NA())))) -> 0 | AP63: =IF($AI$1=1,IF(AND(ISNUMBER($AH$15),ISNUMBER($AH$16)),$AH$15+AN63*$AH$16,NA()),IF($AI$1=2,IF(AND(ISNUMBER($AH$15),ISNUMBER($AH$16),ISNUMBER($AH$17)),$AH$15/(1+((AN63-$AH$16)/$AH$17)^2),NA()), IF($AI$1=3,IF(AND(ISNUMBER($AH$15),ISNUMBER($AH$16),ISNUMBER($AH$17)),$AH$15*EXP(-(((AN63-$AH$16)/$AH$17)^2)),NA()),IF($AI$1=4,IF(AND(ISNUMBER($AH$15),ISNUMBER($AH$16),ISNUMBER($AH$17),ISNUMBER($AH$18)),$AH$15*SIN($AH$16*AN63-$AH$17)+$AH$18,NA()),NA())))) -> 0 | AQ63: =(AP63-AO63)^2 -> 0 | AR63: =(AO63-$AO$104)^2 -> #N/A
A64: Last row with y data | D64: {=LOOKUP(2,1/ISNUMBER('Manual Fitting'!B:B),ROW('Manual Fitting'!B:B))} -> #N/A | F64: 62 | G64: =MIN(x1Data)+(MAX(x1Data)-MIN(x1Data))*(F64/100) -> 4960 | H64: =IF($D$1=1,$C$11+$B$11*G64, IF($D$1=2,$B$11*G64^#REF!,IF($D$1=3,$D$11+$C$11*G64+$B$11*(G64)^2,IF($D$1=4,$E$11+$D$11*G64+$C$11*(G64)^2+$B$11*(G64)^3,IF($D$1=5,EXP($C$11)*G64^($B$11),IF($D$1=6,EXP($C$11+G64*$B$11), NA())))))) -> #N/A | J64: =IFERROR(MIN(DA_x1data,DA_x2data)+(MAX(DA_x1data,DA_x2data)-MIN(DA_x1data,DA_x2data))*(F64/100), MIN(DA_x1data)+(MAX(DA_x1data)-MIN(DA_x1data))*(F64/100)) -> #N/A | K64: =IF($D$32=1,$B$48*J64+$C$48,IF($D$32=2,$B$48*J64^2+$C$48*J64+$D$48,IF($D$32=3,$B$48*J64^3+$C$48*J64^2+$D$48*J64+$E$48,IF($D$32=4,$B$48*J64^'Double Analysis'!$G$13,IF($D$32=5,EXP($C$48)*J64^$B$48,IF($D$32=6,EXP($C$48+J64*$B$48),NA())))))) -> #N/A | L64: =IF($D$32=1,$B$54*J64+$C$54,IF($D$32=2,$B$54*J64^2+$C$54*J64+$D$54,IF($D$32=3,$B$54*J64^3+$C$54*J64^2+$D$54*J64+$E$54,IF($D$32=4,$B$54*J64^'Double Analysis'!$G$13,IF($D$32=5,EXP($C$54)*J64^$B$54,IF($D$32=6,EXP($C$54+J64*$B$54),NA())))))) -> #N/A | N64: =IFERROR(SMALL($R$2:$R$102, ROW()-1),NA()) -> #N/A | O64: =IF(ISNUMBER(N64),INDEX(y1Data,MATCH(N64,$R$2:$R$102,0)),NA()) -> #N/A | P64: =IF($D$1=7,O64,NA()) -> #N/A | R64: =IF(Q64<>"",Q64+(0.0000000000001)*(COUNTIF($Q64:Q$102,Q64)-1),"") | Y64: =IF(ISNUMBER(T64),T64," ") | Z64: =IFERROR(SMALL($Y$2:$Y$102,ROW()-1),NA()) -> #N/A | AA64: {=IF(ISNUMBER(Z64),INDEX(DA_y1data,MATCH(Z64,$Y$2:$Y$102,0)),NA())} -> #N/A | AB64: =IF($D$32=7,AA64,NA()) -> #N/A | AC64: =IF(ISNUMBER(V64),V64," ") | AD64: =IFERROR(SMALL($AC$2:$AC$102,ROW()-1),NA()) -> #N/A | AE64: {=IF(ISNUMBER(AD64),INDEX(DA_y2data,MATCH(AD64,$AC$2:$AC$102,0)),NA())} -> #N/A | AF64: =IF($D$32=7,AE64,NA()) -> #N/A | AK64: =MIN('Manual Fitting'!$A$3:$A$32)+(MAX('Manual Fitting'!$A$3:$A$32)-MIN('Manual Fitting'!$A$3:$A$17))*(Guts!F64/100) -> 0 | AL64: =IF($AI$1=1,IF(AND(ISNUMBER($AH$15),ISNUMBER($AH$16)),$AH$15+AK64*$AH$16,NA()),IF($AI$1=2,IF(AND(ISNUMBER($AH$15),ISNUMBER($AH$16),ISNUMBER($AH$17)),$AH$15/(1+((AK64-$AH$16)/$AH$17)^2),NA()),IF($AI$1=3,IF(AND(ISNUMBER($AH$15),ISNUMBER($AH$16),ISNUMBER($AH$17)),$AH$15*EXP((-1)*((AK64-$AH$16)/$AH$17)^2),NA()), IF($AI$1=4,IF(AND(ISNUMBER($AH$15),ISNUMBER($AH$16),ISNUMBER($AH$17),ISNUMBER($AH$18)),$AH$15*SIN((AK64*$AH$16)-$AH$17)+$AH$18,NA()),NA())))) -> 0 | AP64: =IF($AI$1=1,IF(AND(ISNUMBER($AH$15),ISNUMBER($AH$16)),$AH$15+AN64*$AH$16,NA()),IF($AI$1=2,IF(AND(ISNUMBER($AH$15),ISNUMBER($AH$16),ISNUMBER($AH$17)),$AH$15/(1+((AN64-$AH$16)/$AH$17)^2),NA()), IF($AI$1=3,IF(AND(ISNUMBER($AH$15),ISNUMBER($AH$16),ISNUMBER($AH$17)),$AH$15*EXP(-(((AN64-$AH$16)/$AH$17)^2)),NA()),IF($AI$1=4,IF(AND(ISNUMBER($AH$15),ISNUMBER($AH$16),ISNUMBER($AH$17),ISNUMBER($AH$18)),$AH$15*SIN($AH$16*AN64-$AH$17)+$AH$18,NA()),NA())))) -> 0 | AQ64: =(AP64-AO64)^2 -> 0 | AR64: =(AO64-$AO$104)^2 -> #N/A
A65: Last row with paired data | D65: =MIN(D63,D64) -> #N/A | F65: 63 | G65: =MIN(x1Data)+(MAX(x1Data)-MIN(x1Data))*(F65/100) -> 5040 | H65: =IF($D$1=1,$C$11+$B$11*G65, IF($D$1=2,$B$11*G65^#REF!,IF($D$1=3,$D$11+$C$11*G65+$B$11*(G65)^2,IF($D$1=4,$E$11+$D$11*G65+$C$11*(G65)^2+$B$11*(G65)^3,IF($D$1=5,EXP($C$11)*G65^($B$11),IF($D$1=6,EXP($C$11+G65*$B$11), NA())))))) -> #N/A | J65: =IFERROR(MIN(DA_x1data,DA_x2data)+(MAX(DA_x1data,DA_x2data)-MIN(DA_x1data,DA_x2data))*(F65/100), MIN(DA_x1data)+(MAX(DA_x1data)-MIN(DA_x1data))*(F65/100)) -> #N/A | K65: =IF($D$32=1,$B$48*J65+$C$48,IF($D$32=2,$B$48*J65^2+$C$48*J65+$D$48,IF($D$32=3,$B$48*J65^3+$C$48*J65^2+$D$48*J65+$E$48,IF($D$32=4,$B$48*J65^'Double Analysis'!$G$13,IF($D$32=5,EXP($C$48)*J65^$B$48,IF($D$32=6,EXP($C$48+J65*$B$48),NA())))))) -> #N/A | L65: =IF($D$32=1,$B$54*J65+$C$54,IF($D$32=2,$B$54*J65^2+$C$54*J65+$D$54,IF($D$32=3,$B$54*J65^3+$C$54*J65^2+$D$54*J65+$E$54,IF($D$32=4,$B$54*J65^'Double Analysis'!$G$13,IF($D$32=5,EXP($C$54)*J65^$B$54,IF($D$32=6,EXP($C$54+J65*$B$54),NA())))))) -> #N/A | N65: =IFERROR(SMALL($R$2:$R$102, ROW()-1),NA()) -> #N/A | O65: =IF(ISNUMBER(N65),INDEX(y1Data,MATCH(N65,$R$2:$R$102,0)),NA()) -> #N/A | P65: =IF($D$1=7,O65,NA()) -> #N/A | R65: =IF(Q65<>"",Q65+(0.0000000000001)*(COUNTIF($Q65:Q$102,Q65)-1),"") | Y65: =IF(ISNUMBER(T65),T65," ") | Z65: =IFERROR(SMALL($Y$2:$Y$102,ROW()-1),NA()) -> #N/A | AA65: {=IF(ISNUMBER(Z65),INDEX(DA_y1data,MATCH(Z65,$Y$2:$Y$102,0)),NA())} -> #N/A | AB65: =IF($D$32=7,AA65,NA()) -> #N/A | AC65: =IF(ISNUMBER(V65),V65," ") | AD65: =IFERROR(SMALL($AC$2:$AC$102,ROW()-1),NA()) -> #N/A | AE65: {=IF(ISNUMBER(AD65),INDEX(DA_y2data,MATCH(AD65,$AC$2:$AC$102,0)),NA())} -> #N/A | AF65: =IF($D$32=7,AE65,NA()) -> #N/A | AK65: =MIN('Manual Fitting'!$A$3:$A$32)+(MAX('Manual Fitting'!$A$3:$A$32)-MIN('Manual Fitting'!$A$3:$A$17))*(Guts!F65/100) -> 0 | AL65: =IF($AI$1=1,IF(AND(ISNUMBER($AH$15),ISNUMBER($AH$16)),$AH$15+AK65*$AH$16,NA()),IF($AI$1=2,IF(AND(ISNUMBER($AH$15),ISNUMBER($AH$16),ISNUMBER($AH$17)),$AH$15/(1+((AK65-$AH$16)/$AH$17)^2),NA()),IF($AI$1=3,IF(AND(ISNUMBER($AH$15),ISNUMBER($AH$16),ISNUMBER($AH$17)),$AH$15*EXP((-1)*((AK65-$AH$16)/$AH$17)^2),NA()), IF($AI$1=4,IF(AND(ISNUMBER($AH$15),ISNUMBER($AH$16),ISNUMBER($AH$17),ISNUMBER($AH$18)),$AH$15*SIN((AK65*$AH$16)-$AH$17)+$AH$18,NA()),NA())))) -> 0 | AP65: =IF($AI$1=1,IF(AND(ISNUMBER($AH$15),ISNUMBER($AH$16)),$AH$15+AN65*$AH$16,NA()),IF($AI$1=2,IF(AND(ISNUMBER($AH$15),ISNUMBER($AH$16),ISNUMBER($AH$17)),$AH$15/(1+((AN65-$AH$16)/$AH$17)^2),NA()), IF($AI$1=3,IF(AND(ISNUMBER($AH$15),ISNUMBER($AH$16),ISNUMBER($AH$17)),$AH$15*EXP(-(((AN65-$AH$16)/$AH$17)^2)),NA()),IF($AI$1=4,IF(AND(ISNUMBER($AH$15),ISNUMBER($AH$16),ISNUMBER($AH$17),ISNUMBER($AH$18)),$AH$15*SIN($AH$16*AN65-$AH$17)+$AH$18,NA()),NA())))) -> 0 | AQ65: =(AP65-AO65)^2 -> 0 | AR65: =(AO65-$AO$104)^2 -> #N/A
A66: First row with x data | D66: {=MATCH(TRUE,ISNUMBER('Manual Fitting'!$A:$A),0)} -> #N/A | F66: 64 | G66: =MIN(x1Data)+(MAX(x1Data)-MIN(x1Data))*(F66/100) -> 5120 | H66: =IF($D$1=1,$C$11+$B$11*G66, IF($D$1=2,$B$11*G66^#REF!,IF($D$1=3,$D$11+$C$11*G66+$B$11*(G66)^2,IF($D$1=4,$E$11+$D$11*G66+$C$11*(G66)^2+$B$11*(G66)^3,IF($D$1=5,EXP($C$11)*G66^($B$11),IF($D$1=6,EXP($C$11+G66*$B$11), NA())))))) -> #N/A | J66: =IFERROR(MIN(DA_x1data,DA_x2data)+(MAX(DA_x1data,DA_x2data)-MIN(DA_x1data,DA_x2data))*(F66/100), MIN(DA_x1data)+(MAX(DA_x1data)-MIN(DA_x1data))*(F66/100)) -> #N/A | K66: =IF($D$32=1,$B$48*J66+$C$48,IF($D$32=2,$B$48*J66^2+$C$48*J66+$D$48,IF($D$32=3,$B$48*J66^3+$C$48*J66^2+$D$48*J66+$E$48,IF($D$32=4,$B$48*J66^'Double Analysis'!$G$13,IF($D$32=5,EXP($C$48)*J66^$B$48,IF($D$32=6,EXP($C$48+J66*$B$48),NA())))))) -> #N/A | L66: =IF($D$32=1,$B$54*J66+$C$54,IF($D$32=2,$B$54*J66^2+$C$54*J66+$D$54,IF($D$32=3,$B$54*J66^3+$C$54*J66^2+$D$54*J66+$E$54,IF($D$32=4,$B$54*J66^'Double Analysis'!$G$13,IF($D$32=5,EXP($C$54)*J66^$B$54,IF($D$32=6,EXP($C$54+J66*$B$54),NA())))))) -> #N/A | N66: =IFERROR(SMALL($R$2:$R$102, ROW()-1),NA()) -> #N/A | O66: =IF(ISNUMBER(N66),INDEX(y1Data,MATCH(N66,$R$2:$R$102,0)),NA()) -> #N/A | P66: =IF($D$1=7,O66,NA()) -> #N/A | R66: =IF(Q66<>"",Q66+(0.0000000000001)*(COUNTIF($Q66:Q$102,Q66)-1),"") | Y66: =IF(ISNUMBER(T66),T66," ") | Z66: =IFERROR(SMALL($Y$2:$Y$102,ROW()-1),NA()) -> #N/A | AA66: {=IF(ISNUMBER(Z66),INDEX(DA_y1data,MATCH(Z66,$Y$2:$Y$102,0)),NA())} -> #N/A | AB66: =IF($D$32=7,AA66,NA()) -> #N/A | AC66: =IF(ISNUMBER(V66),V66," ") | AD66: =IFERROR(SMALL($AC$2:$AC$102,ROW()-1),NA()) -> #N/A | AE66: {=IF(ISNUMBER(AD66),INDEX(DA_y2data,MATCH(AD66,$AC$2:$AC$102,0)),NA())} -> #N/A | AF66: =IF($D$32=7,AE66,NA()) -> #N/A | AK66: =MIN('Manual Fitting'!$A$3:$A$32)+(MAX('Manual Fitting'!$A$3:$A$32)-MIN('Manual Fitting'!$A$3:$A$17))*(Guts!F66/100) -> 0 | AL66: =IF($AI$1=1,IF(AND(ISNUMBER($AH$15),ISNUMBER($AH$16)),$AH$15+AK66*$AH$16,NA()),IF($AI$1=2,IF(AND(ISNUMBER($AH$15),ISNUMBER($AH$16),ISNUMBER($AH$17)),$AH$15/(1+((AK66-$AH$16)/$AH$17)^2),NA()),IF($AI$1=3,IF(AND(ISNUMBER($AH$15),ISNUMBER($AH$16),ISNUMBER($AH$17)),$AH$15*EXP((-1)*((AK66-$AH$16)/$AH$17)^2),NA()), IF($AI$1=4,IF(AND(ISNUMBER($AH$15),ISNUMBER($AH$16),ISNUMBER($AH$17),ISNUMBER($AH$18)),$AH$15*SIN((AK66*$AH$16)-$AH$17)+$AH$18,NA()),NA())))) -> 0 | AP66: =IF($AI$1=1,IF(AND(ISNUMBER($AH$15),ISNUMBER($AH$16)),$AH$15+AN66*$AH$16,NA()),IF($AI$1=2,IF(AND(ISNUMBER($AH$15),ISNUMBER($AH$16),ISNUMBER($AH$17)),$AH$15/(1+((AN66-$AH$16)/$AH$17)^2),NA()), IF($AI$1=3,IF(AND(ISNUMBER($AH$15),ISNUMBER($AH$16),ISNUMBER($AH$17)),$AH$15*EXP(-(((AN66-$AH$16)/$AH$17)^2)),NA()),IF($AI$1=4,IF(AND(ISNUMBER($AH$15),ISNUMBER($AH$16),ISNUMBER($AH$17),ISNUMBER($AH$18)),$AH$15*SIN($AH$16*AN66-$AH$17)+$AH$18,NA()),NA())))) -> 0 | AQ66: =(AP66-AO66)^2 -> 0 | AR66: =(AO66-$AO$104)^2 -> #N/A
A67: First row with y data | D67: {=MATCH(TRUE,ISNUMBER('Manual Fitting'!$B:$B),0)} -> #N/A | F67: 65 | G67: =MIN(x1Data)+(MAX(x1Data)-MIN(x1Data))*(F67/100) -> 5200 | H67: =IF($D$1=1,$C$11+$B$11*G67, IF($D$1=2,$B$11*G67^#REF!,IF($D$1=3,$D$11+$C$11*G67+$B$11*(G67)^2,IF($D$1=4,$E$11+$D$11*G67+$C$11*(G67)^2+$B$11*(G67)^3,IF($D$1=5,EXP($C$11)*G67^($B$11),IF($D$1=6,EXP($C$11+G67*$B$11), NA())))))) -> #N/A | J67: =IFERROR(MIN(DA_x1data,DA_x2data)+(MAX(DA_x1data,DA_x2data)-MIN(DA_x1data,DA_x2data))*(F67/100), MIN(DA_x1data)+(MAX(DA_x1data)-MIN(DA_x1data))*(F67/100)) -> #N/A | K67: =IF($D$32=1,$B$48*J67+$C$48,IF($D$32=2,$B$48*J67^2+$C$48*J67+$D$48,IF($D$32=3,$B$48*J67^3+$C$48*J67^2+$D$48*J67+$E$48,IF($D$32=4,$B$48*J67^'Double Analysis'!$G$13,IF($D$32=5,EXP($C$48)*J67^$B$48,IF($D$32=6,EXP($C$48+J67*$B$48),NA())))))) -> #N/A | L67: =IF($D$32=1,$B$54*J67+$C$54,IF($D$32=2,$B$54*J67^2+$C$54*J67+$D$54,IF($D$32=3,$B$54*J67^3+$C$54*J67^2+$D$54*J67+$E$54,IF($D$32=4,$B$54*J67^'Double Analysis'!$G$13,IF($D$32=5,EXP($C$54)*J67^$B$54,IF($D$32=6,EXP($C$54+J67*$B$54),NA())))))) -> #N/A | N67: =IFERROR(SMALL($R$2:$R$102, ROW()-1),NA()) -> #N/A | O67: =IF(ISNUMBER(N67),INDEX(y1Data,MATCH(N67,$R$2:$R$102,0)),NA()) -> #N/A | P67: =IF($D$1=7,O67,NA()) -> #N/A | R67: =IF(Q67<>"",Q67+(0.0000000000001)*(COUNTIF($Q67:Q$102,Q67)-1),"") | Y67: =IF(ISNUMBER(T67),T67," ") | Z67: =IFERROR(SMALL($Y$2:$Y$102,ROW()-1),NA()) -> #N/A | AA67: {=IF(ISNUMBER(Z67),INDEX(DA_y1data,MATCH(Z67,$Y$2:$Y$102,0)),NA())} -> #N/A | AB67: =IF($D$32=7,AA67,NA()) -> #N/A | AC67: =IF(ISNUMBER(V67),V67," ") | AD67: =IFERROR(SMALL($AC$2:$AC$102,ROW()-1),NA()) -> #N/A | AE67: {=IF(ISNUMBER(AD67),INDEX(DA_y2data,MATCH(AD67,$AC$2:$AC$102,0)),NA())} -> #N/A | AF67: =IF($D$32=7,AE67,NA()) -> #N/A | AK67: =MIN('Manual Fitting'!$A$3:$A$32)+(MAX('Manual Fitting'!$A$3:$A$32)-MIN('Manual Fitting'!$A$3:$A$17))*(Guts!F67/100) -> 0 | AL67: =IF($AI$1=1,IF(AND(ISNUMBER($AH$15),ISNUMBER($AH$16)),$AH$15+AK67*$AH$16,NA()),IF($AI$1=2,IF(AND(ISNUMBER($AH$15),ISNUMBER($AH$16),ISNUMBER($AH$17)),$AH$15/(1+((AK67-$AH$16)/$AH$17)^2),NA()),IF($AI$1=3,IF(AND(ISNUMBER($AH$15),ISNUMBER($AH$16),ISNUMBER($AH$17)),$AH$15*EXP((-1)*((AK67-$AH$16)/$AH$17)^2),NA()), IF($AI$1=4,IF(AND(ISNUMBER($AH$15),ISNUMBER($AH$16),ISNUMBER($AH$17),ISNUMBER($AH$18)),$AH$15*SIN((AK67*$AH$16)-$AH$17)+$AH$18,NA()),NA())))) -> 0 | AP67: =IF($AI$1=1,IF(AND(ISNUMBER($AH$15),ISNUMBER($AH$16)),$AH$15+AN67*$AH$16,NA()),IF($AI$1=2,IF(AND(ISNUMBER($AH$15),ISNUMBER($AH$16),ISNUMBER($AH$17)),$AH$15/(1+((AN67-$AH$16)/$AH$17)^2),NA()), IF($AI$1=3,IF(AND(ISNUMBER($AH$15),ISNUMBER($AH$16),ISNUMBER($AH$17)),$AH$15*EXP(-(((AN67-$AH$16)/$AH$17)^2)),NA()),IF($AI$1=4,IF(AND(ISNUMBER($AH$15),ISNUMBER($AH$16),ISNUMBER($AH$17),ISNUMBER($AH$18)),$AH$15*SIN($AH$16*AN67-$AH$17)+$AH$18,NA()),NA())))) -> 0 | AQ67: =(AP67-AO67)^2 -> 0 | AR67: =(AO67-$AO$104)^2 -> #N/A
A68: First row with paired data | D68: =MAX(D66:D67) -> #N/A | F68: 66 | G68: =MIN(x1Data)+(MAX(x1Data)-MIN(x1Data))*(F68/100) -> 5280 | H68: =IF($D$1=1,$C$11+$B$11*G68, IF($D$1=2,$B$11*G68^#REF!,IF($D$1=3,$D$11+$C$11*G68+$B$11*(G68)^2,IF($D$1=4,$E$11+$D$11*G68+$C$11*(G68)^2+$B$11*(G68)^3,IF($D$1=5,EXP($C$11)*G68^($B$11),IF($D$1=6,EXP($C$11+G68*$B$11), NA())))))) -> #N/A | J68: =IFERROR(MIN(DA_x1data,DA_x2data)+(MAX(DA_x1data,DA_x2data)-MIN(DA_x1data,DA_x2data))*(F68/100), MIN(DA_x1data)+(MAX(DA_x1data)-MIN(DA_x1data))*(F68/100)) -> #N/A | K68: =IF($D$32=1,$B$48*J68+$C$48,IF($D$32=2,$B$48*J68^2+$C$48*J68+$D$48,IF($D$32=3,$B$48*J68^3+$C$48*J68^2+$D$48*J68+$E$48,IF($D$32=4,$B$48*J68^'Double Analysis'!$G$13,IF($D$32=5,EXP($C$48)*J68^$B$48,IF($D$32=6,EXP($C$48+J68*$B$48),NA())))))) -> #N/A | L68: =IF($D$32=1,$B$54*J68+$C$54,IF($D$32=2,$B$54*J68^2+$C$54*J68+$D$54,IF($D$32=3,$B$54*J68^3+$C$54*J68^2+$D$54*J68+$E$54,IF($D$32=4,$B$54*J68^'Double Analysis'!$G$13,IF($D$32=5,EXP($C$54)*J68^$B$54,IF($D$32=6,EXP($C$54+J68*$B$54),NA())))))) -> #N/A | N68: =IFERROR(SMALL($R$2:$R$102, ROW()-1),NA()) -> #N/A | O68: =IF(ISNUMBER(N68),INDEX(y1Data,MATCH(N68,$R$2:$R$102,0)),NA()) -> #N/A | P68: =IF($D$1=7,O68,NA()) -> #N/A | R68: =IF(Q68<>"",Q68+(0.0000000000001)*(COUNTIF($Q68:Q$102,Q68)-1),"") | Y68: =IF(ISNUMBER(T68),T68," ") | Z68: =IFERROR(SMALL($Y$2:$Y$102,ROW()-1),NA()) -> #N/A | AA68: {=IF(ISNUMBER(Z68),INDEX(DA_y1data,MATCH(Z68,$Y$2:$Y$102,0)),NA())} -> #N/A | AB68: =IF($D$32=7,AA68,NA()) -> #N/A | AC68: =IF(ISNUMBER(V68),V68," ") | AD68: =IFERROR(SMALL($AC$2:$AC$102,ROW()-1),NA()) -> #N/A | AE68: {=IF(ISNUMBER(AD68),INDEX(DA_y2data,MATCH(AD68,$AC$2:$AC$102,0)),NA())} -> #N/A | AF68: =IF($D$32=7,AE68,NA()) -> #N/A | AK68: =MIN('Manual Fitting'!$A$3:$A$32)+(MAX('Manual Fitting'!$A$3:$A$32)-MIN('Manual Fitting'!$A$3:$A$17))*(Guts!F68/100) -> 0 | AL68: =IF($AI$1=1,IF(AND(ISNUMBER($AH$15),ISNUMBER($AH$16)),$AH$15+AK68*$AH$16,NA()),IF($AI$1=2,IF(AND(ISNUMBER($AH$15),ISNUMBER($AH$16),ISNUMBER($AH$17)),$AH$15/(1+((AK68-$AH$16)/$AH$17)^2),NA()),IF($AI$1=3,IF(AND(ISNUMBER($AH$15),ISNUMBER($AH$16),ISNUMBER($AH$17)),$AH$15*EXP((-1)*((AK68-$AH$16)/$AH$17)^2),NA()), IF($AI$1=4,IF(AND(ISNUMBER($AH$15),ISNUMBER($AH$16),ISNUMBER($AH$17),ISNUMBER($AH$18)),$AH$15*SIN((AK68*$AH$16)-$AH$17)+$AH$18,NA()),NA())))) -> 0 | AP68: =IF($AI$1=1,IF(AND(ISNUMBER($AH$15),ISNUMBER($AH$16)),$AH$15+AN68*$AH$16,NA()),IF($AI$1=2,IF(AND(ISNUMBER($AH$15),ISNUMBER($AH$16),ISNUMBER($AH$17)),$AH$15/(1+((AN68-$AH$16)/$AH$17)^2),NA()), IF($AI$1=3,IF(AND(ISNUMBER($AH$15),ISNUMBER($AH$16),ISNUMBER($AH$17)),$AH$15*EXP(-(((AN68-$AH$16)/$AH$17)^2)),NA()),IF($AI$1=4,IF(AND(ISNUMBER($AH$15),ISNUMBER($AH$16),ISNUMBER($AH$17),ISNUMBER($AH$18)),$AH$15*SIN($AH$16*AN68-$AH$17)+$AH$18,NA()),NA())))) -> 0 | AQ68: =(AP68-AO68)^2 -> 0 | AR68: =(AO68-$AO$104)^2 -> #N/A
